title,0
Avatar,0
Pirates of the Caribbean: At World's End,1
The Dark Knight Rises,2
John Carter,3
Spider-Man 3,4
Tangled,5
Harry Potter and the Half-Blood Prince,6
Superman Returns,7
Quantum of Solace,8
Pirates of the Caribbean: Dead Man's Chest,9
The Lone Ranger,10
Man of Steel,11
The Chronicles of Narnia: Prince Caspian,12
The Avengers,13
Pirates of the Caribbean: On Stranger Tides,14
Men in Black 3,15
The Hobbit: The Battle of the Five Armies,16
The Amazing Spider-Man,17
Robin Hood,18
The Hobbit: The Desolation of Smaug,19
The Golden Compass,20
King Kong,21
Titanic,22
Battleship,23
Skyfall,24
Spider-Man 2,25
Iron Man 3,26
Alice in Wonderland,27
X-Men: The Last Stand,28
Monsters University,29
Transformers: Revenge of the Fallen,30
Transformers: Age of Extinction,31
Oz: The Great and Powerful,32
The Amazing Spider-Man 2,33
TRON: Legacy,34
Cars 2,35
Green Lantern,36
Toy Story 3,37
Terminator Salvation,38
World War Z,39
X-Men: Days of Future Past,40
Star Trek Into Darkness,41
Jack the Giant Slayer,42
The Great Gatsby,43
Prince of Persia: The Sands of Time,44
Pacific Rim,45
Transformers: Dark of the Moon,46
Indiana Jones and the Kingdom of the Crystal Skull,47
Brave,48
WALL·E,49
Rush Hour 3,50
2012,51
A Christmas Carol,52
Jupiter Ascending,53
"The Chronicles of Narnia: The Lion, the Witch and the Wardrobe",54
The Dark Knight,55
Up,56
Monsters vs Aliens,57
Iron Man,58
Hugo,59
Wild Wild West,60
The Mummy: Tomb of the Dragon Emperor,61
Evan Almighty,62
Edge of Tomorrow,63
Waterworld,64
G.I. Joe: The Rise of Cobra,65
Iron Man 2,66
Snow White and the Huntsman,67
Maleficent,68
Dawn of the Planet of the Apes,69
47 Ronin,70
Captain America: The Winter Soldier,71
Shrek Forever After,72
Big Hero 6,73
Wreck-It Ralph,74
The Polar Express,75
How to Train Your Dragon,76
Terminator 3: Rise of the Machines,77
Guardians of the Galaxy,78
Interstellar,79
Inception,80
The Hobbit: An Unexpected Journey,81
The Fast and the Furious,82
The Curious Case of Benjamin Button,83
X-Men: First Class,84
The Sorcerer's Apprentice,85
Poseidon,86
Shrek the Third,87
The Chronicles of Narnia: The Voyage of the Dawn Treader,88
Pearl Harbor,89
Transformers,90
Alexander,91
Harry Potter and the Order of the Phoenix,92
Harry Potter and the Goblet of Fire,93
Hancock,94
I Am Legend,95
Charlie and the Chocolate Factory,96
Ratatouille,97
Batman Begins,98
Madagascar: Escape 2 Africa,99
Night at the Museum: Battle of the Smithsonian,100
X-Men Origins: Wolverine,101
The Matrix Revolutions,102
Frozen,103
The Matrix Reloaded,104
Thor: The Dark World,105
Angels & Demons,106
Thor,107
Bolt,108
G-Force,109
Wrath of the Titans,110
Dark Shadows,111
The Wolfman,112
Bee Movie,113
Kung Fu Panda 2,114
The Last Airbender,115
Mission: Impossible III,116
White House Down,117
Mars Needs Moms,118
Flushed Away,119
Mr. Peabody & Sherman,120
Troy,121
Madagascar 3: Europe's Most Wanted,122
Die Another Day,123
Armageddon,124
Men in Black II,125
Beowulf,126
Mission: Impossible - Ghost Protocol,127
Rise of the Guardians,128
Fun with Dick and Jane,129
The Last Samurai,130
Exodus: Gods and Kings,131
Star Trek,132
Spider-Man,133
How to Train Your Dragon 2,134
Stealth,135
Watchmen,136
Lethal Weapon 4,137
Hulk,138
G.I. Joe: Retaliation,139
Sahara,140
Final Fantasy: The Spirits Within,141
Captain America: The First Avenger,142
The World Is Not Enough,143
Master and Commander: The Far Side of the World,144
The Twilight Saga: Breaking Dawn - Part 2,145
Happy Feet Two,146
The Incredible Hulk,147
Turbo,148
Rango,149
Penguins of Madagascar,150
The Bourne Ultimatum,151
Kung Fu Panda,152
The Hunger Games: Catching Fire,153
Home,154
War of the Worlds,155
Bad Boys II,156
Salt,157
Noah,158
The Adventures of Tintin,159
Harry Potter and the Prisoner of Azkaban,160
Australia,161
After Earth,162
Dinosaur,163
Night at the Museum: Secret of the Tomb,164
Megamind,165
Harry Potter and the Philosopher's Stone,166
R.I.P.D.,167
Pirates of the Caribbean: The Curse of the Black Pearl,168
The Hunger Games: Mockingjay - Part 1,169
The Da Vinci Code,170
Rio 2,171
X2,172
Fast Five,173
Sherlock Holmes: A Game of Shadows,174
Clash of the Titans,175
Total Recall,176
The 13th Warrior,177
The Bourne Legacy,178
Batman & Robin,179
How the Grinch Stole Christmas,180
The Day After Tomorrow,181
Mission: Impossible II,182
The Perfect Storm,183
Fantastic 4: Rise of the Silver Surfer,184
Life of Pi,185
Ghost Rider,186
Charlie's Angels: Full Throttle,187
Prometheus,188
Stuart Little 2,189
Elysium,190
The Chronicles of Riddick,191
RoboCop,192
Speed Racer,193
How Do You Know,194
Knight and Day,195
Oblivion,196
Star Wars: Episode III - Revenge of the Sith,197
Star Wars: Episode II - Attack of the Clones,198
"Monsters, Inc.",199
The Wolverine,200
Star Wars: Episode I - The Phantom Menace,201
The Croods,202
Asterix at the Olympic Games,203
Windtalkers,204
Teenage Mutant Ninja Turtles,205
Gravity,206
Dante's Peak,207
Night at the Museum,208
Tomorrow Never Dies,209
The Patriot,210
Ocean's Twelve,211
Mr. & Mrs. Smith,212
Insurgent,213
The Aviator,214
Gulliver's Travels,215
The Green Hornet,216
300: Rise of an Empire,217
The Smurfs,218
Home on the Range,219
Real Steel,220
The Smurfs 2,221
Speed 2: Cruise Control,222
Ender's Game,223
Live Free or Die Hard,224
The Lord of the Rings: The Fellowship of the Ring,225
Around the World in 80 Days,226
Ali,227
The Cat in the Hat,228
"I, Robot",229
Kingdom of Heaven,230
Stuart Little,231
The Princess and the Frog,232
The Island,233
Town & Country,234
Gone in Sixty Seconds,235
Gladiator,236
Minority Report,237
Harry Potter and the Chamber of Secrets,238
Casino Royale,239
Planet of the Apes,240
Terminator 2: Judgment Day,241
Public Enemies,242
American Gangster,243
True Lies,244
The Taking of Pelham 1 2 3,245
Little Fockers,246
The Other Guys,247
Eraser,248
Django Unchained,249
The Hunchback of Notre Dame,250
The Emperor's New Groove,251
The Expendables 2,252
National Treasure,253
Eragon,254
Where the Wild Things Are,255
Epic,256
The Tourist,257
End of Days,258
Blood Diamond,259
The Wolf of Wall Street,260
Batman Forever,261
Starship Troopers,262
Cloud Atlas,263
Legend of the Guardians: The Owls of Ga'Hoole,264
Catwoman,265
Hercules,266
Treasure Planet,267
Land of the Lost,268
The Expendables 3,269
Son of the Mask,270
In the Heart of the Sea,271
The Adventures of Pluto Nash,272
Green Zone,273
The Spanish Prisoner,274
The Mummy Returns,275
Gangs of New York,276
The Flowers of War,277
Surf's Up,278
The Stepford Wives,279
Black Hawk Down,280
The Campaign,281
The Fifth Element,282
Sex and the City 2,283
The Road to El Dorado,284
Ice Age: Continental Drift,285
Cinderella,286
The Lovely Bones,287
Finding Nemo,288
The Lord of the Rings: The Return of the King,289
The Lord of the Rings: The Two Towers,290
Seventh Son,291
Lara Croft: Tomb Raider,292
Transcendence,293
Jurassic Park III,294
Rise of the Planet of the Apes,295
The Spiderwick Chronicles,296
A Good Day to Die Hard,297
The Alamo,298
The Incredibles,299
Cutthroat Island,300
Percy Jackson & the Olympians: The Lightning Thief,301
Men in Black,302
Toy Story 2,303
Unstoppable,304
Rush Hour 2,305
What Lies Beneath,306
Cloudy with a Chance of Meatballs,307
Ice Age: Dawn of the Dinosaurs,308
The Secret Life of Walter Mitty,309
Charlie's Angels,310
The Departed,311
Mulan,312
Tropic Thunder,313
The Girl with the Dragon Tattoo,314
Die Hard: With a Vengeance,315
Sherlock Holmes,316
Atlantis: The Lost Empire,317
Valkyrie,318
You Don't Mess with the Zohan,319
A.I. Artificial Intelligence,320
The Haunted Mansion,321
Contact,322
Hollow Man,323
The Interpreter,324
Percy Jackson: Sea of Monsters,325
Lara Croft Tomb Raider: The Cradle of Life,326
The Saint,327
Spy Game,328
Mission to Mars,329
Rio,330
Bicentennial Man,331
Volcano,332
The Devil's Own,333
K-19: The Widowmaker,334
Conan the Barbarian,335
Cinderella Man,336
The Nutcracker: The Untold Story,337
Seabiscuit,338
Twister,339
Cast Away,340
Happy Feet,341
The Bourne Supremacy,342
Air Force One,343
Ocean's Eleven,344
The Three Musketeers,345
Hotel Transylvania,346
Enchanted,347
Safe House,348
102 Dalmatians,349
Tower Heist,350
The Holiday,351
Enemy of the State,352
It's Complicated,353
Ocean's Thirteen,354
Open Season,355
Divergent,356
Enemy at the Gates,357
The Rundown,358
Last Action Hero,359
Memoirs of a Geisha,360
The Fast and the Furious: Tokyo Drift,361
Arthur Christmas,362
Meet Joe Black,363
Collateral Damage,364
All That Jazz,365
Mirror Mirror,366
Scott Pilgrim vs. the World,367
The Core,368
Nutty Professor II: The Klumps,369
Scooby-Doo,370
Dredd,371
Click,372
Creepshow,373
Cats & Dogs 2 : The Revenge of Kitty Galore,374
Jumper,375
Hellboy II: The Golden Army,376
Zodiac,377
The 6th Day,378
Bruce Almighty,379
The Expendables,380
Mission: Impossible,381
The Hunger Games,382
The Hangover Part II,383
Batman Returns,384
Over the Hedge,385
Lilo & Stitch,386
Charlotte's Web,387
Deep Impact,388
RED 2,389
The Longest Yard,390
Alvin and the Chipmunks: Chipwrecked,391
Grown Ups 2,392
Get Smart,393
Something's Gotta Give,394
Shutter Island,395
Four Christmases,396
Robots,397
Face/Off,398
Bedtime Stories,399
Road to Perdition,400
Just Go with It,401
Con Air,402
Eagle Eye,403
Cold Mountain,404
The Book of Eli,405
Flubber,406
The Haunting,407
Space Jam,408
The Pink Panther,409
The Day the Earth Stood Still,410
Conspiracy Theory,411
Fury,412
Six Days Seven Nights,413
Yogi Bear,414
Spirit: Stallion of the Cimarron,415
Zookeeper,416
Lost in Space,417
The Manchurian Candidate,418
Déjà Vu,419
Fantasia 2000,420
The Time Machine,421
Mighty Joe Young,422
Swordfish,423
The Legend of Zorro,424
What Dreams May Come,425
Little Nicky,426
The Brothers Grimm,427
Mars Attacks!,428
The Edge,429
Surrogates,430
Thirteen Days,431
Daylight,432
Walking With Dinosaurs,433
Battlefield Earth,434
Looney Tunes: Back in Action,435
Nine,436
Timeline,437
The Postman,438
Babe: Pig in the City,439
Red Planet,440
Arthur and the Invisibles,441
Oceans,442
A Sound of Thunder,443
Pompeii,444
A Beautiful Mind,445
The Lion King,446
Journey 2: The Mysterious Island,447
Cloudy with a Chance of Meatballs 2,448
Red Dragon,449
Hidalgo,450
Jack and Jill,451
2 Fast 2 Furious,452
The Invasion,453
The Adventures of Rocky & Bullwinkle,454
The League of Extraordinary Gentlemen,455
Despicable Me 2,456
Independence Day,457
The Lost World: Jurassic Park,458
Madagascar,459
Children of Men,460
X-Men,461
Wanted,462
The Rock,463
Ice Age: The Meltdown,464
50 First Dates,465
Hairspray,466
Exorcist: The Beginning,467
Inspector Gadget,468
Now You See Me,469
Grown Ups,470
The Terminal,471
Hotel for Dogs,472
Vertical Limit,473
Charlie Wilson's War,474
Shark Tale,475
Dreamgirls,476
Be Cool,477
Munich,478
Tears of the Sun,479
Killers,480
Spanglish,481
Monster House,482
Bandits,483
First Knight,484
Anna and the King,485
Immortals,486
Hostage,487
Titan A.E.,488
Hollywood Homicide,489
Soldier,490
Carriers,491
Monkeybone,492
Flight of the Phoenix,493
Unbreakable,494
Sucker Punch,495
Snake Eyes,496
Sphere,497
Fool's Gold,498
Funny People,499
The Kingdom,500
Talladega Nights: The Ballad of Ricky Bobby,501
Dr. Dolittle 2,502
Braveheart,503
Jarhead,504
The Simpsons Movie,505
The Majestic,506
Driven,507
Two Brothers,508
The Village,509
Doctor Dolittle,510
Signs,511
Shrek 2,512
Cars,513
Runaway Bride,514
xXx,515
The SpongeBob Movie: Sponge Out of Water,516
Ransom,517
Inglourious Basterds,518
Hook,519
Die Hard 2,520
S.W.A.T.,521
Vanilla Sky,522
Lady in the Water,523
AVP: Alien vs. Predator,524
Alvin and the Chipmunks: The Squeakquel,525
We Were Soldiers,526
Olympus Has Fallen,527
Star Trek: Insurrection,528
Battle: Los Angeles,529
Big Fish,530
Wolf,531
War Horse,532
The Monuments Men,533
The Abyss,534
Wall Street: Money Never Sleeps,535
Dracula Untold,536
The Siege,537
Stardust,538
Seven Years in Tibet,539
The Dilemma,540
Bad Company,541
Doom,542
I Spy,543
Underworld: Awakening,544
Rock of Ages,545
Hart's War,546
Killer Elite,547
Rollerball,548
Ballistic: Ecks vs. Sever,549
Hard Rain,550
Osmosis Jones,551
Legends of Oz: Dorothy's Return,552
Blackhat,553
Sky Captain and the World of Tomorrow,554
Basic Instinct 2,555
Escape Plan,556
The Legend of Hercules,557
The Sum of All Fears,558
The Twilight Saga: Eclipse,559
The Score,560
Despicable Me,561
Money Train,562
Agora,563
Mystery Men,564
Hall Pass,565
The Insider,566
Body of Lies,567
Dinner for Schmucks,568
Abraham Lincoln: Vampire Hunter,569
Entrapment,570
The X Files,571
The Last Legion,572
Saving Private Ryan,573
Need for Speed,574
What Women Want,575
Ice Age,576
Dreamcatcher,577
Lincoln,578
The Matrix,579
Apollo 13,580
The Santa Clause 2,581
Les Misérables,582
You've Got Mail,583
Step Brothers,584
The Mask of Zorro,585
Due Date,586
Unbroken,587
Space Cowboys,588
Cliffhanger,589
Broken Arrow,590
The Kid,591
World Trade Center,592
Mona Lisa Smile,593
The Dictator,594
Eyes Wide Shut,595
Annie,596
Focus,597
This Means War,598
Blade: Trinity,599
Red Dawn,600
Primary Colors,601
Resident Evil: Retribution,602
Death Race,603
The Long Kiss Goodnight,604
Proof of Life,605
Zathura: A Space Adventure,606
Fight Club,607
We Are Marshall,608
Hudson Hawk,609
Lucky Numbers,610
"I, Frankenstein",611
Oliver Twist,612
Elektra,613
Sin City: A Dame to Kill For,614
Random Hearts,615
Perfume: The Story of a Murderer,616
Austin Powers in Goldmember,617
Astro Boy,618
Jurassic Park,619
Wyatt Earp,620
Clear and Present Danger,621
Little Man,622
U-571,623
The American President,624
The Love Guru,625
3000 Miles to Graceland,626
Blades of Glory,627
Hop,628
300,629
Meet the Fockers,630
Marley & Me,631
The Green Mile,632
Wild Hogs,633
Chicken Little,634
Gone Girl,635
The Bourne Identity,636
GoldenEye,637
The General's Daughter,638
The Truman Show,639
The Prince of Egypt,640
Daddy Day Care,641
2 Guns,642
Cats & Dogs,643
The Italian Job,644
Two Weeks Notice,645
Antz,646
Couples Retreat,647
Days of Thunder,648
Cheaper by the Dozen 2,649
Eat Pray Love,650
The Family Man,651
RED,652
Any Given Sunday,653
The Horse Whisperer,654
Collateral,655
The Scorpion King,656
Ladder 49,657
Jack Reacher,658
Deep Blue Sea,659
This Is It,660
Contagion,661
Kangaroo Jack,662
Coraline,663
The Happening,664
Man on Fire,665
The Shaggy Dog,666
Starsky & Hutch,667
Jingle All the Way,668
Hellboy,669
A Civil Action,670
ParaNorman,671
The Jackal,672
Paycheck,673
Up Close & Personal,674
The Tale of Despereaux,675
The Tuxedo,676
Under Siege 2: Dark Territory,677
Jack Ryan: Shadow Recruit,678
Alien: Resurrection,679
Shooter,680
The Boxtrolls,681
Practical Magic,682
The Lego Movie,683
Miss Congeniality 2: Armed and Fabulous,684
Reign of Fire,685
Gangster Squad,686
Year One,687
Invictus,688
State of Play,689
Duplicity,690
My Favorite Martian,691
The Sentinel,692
Planet 51,693
Star Trek: Nemesis,694
Intolerable Cruelty,695
Trouble with the Curve,696
Edge of Darkness,697
The Relic,698
Analyze That,699
Righteous Kill,700
Mercury Rising,701
The Soloist,702
The Legend of Bagger Vance,703
Almost Famous,704
Garfield: A Tail of Two Kitties,705
xXx: State of the Union,706
Priest,707
Sinbad: Legend of the Seven Seas,708
Event Horizon,709
Dragonfly,710
The Black Dahlia,711
Flyboys,712
The Last Castle,713
Supernova,714
Winter's Tale,715
The Mortal Instruments: City of Bones,716
Meet Dave,717
Dark Water,718
Edtv,719
Inkheart,720
The Spirit,721
Mortdecai,722
In the Name of the King: A Dungeon Siege Tale,723
Beyond Borders,724
The Great Raid,725
Holy Man,726
American Sniper,727
Just Like Heaven,728
The Flintstones in Viva Rock Vegas,729
Rambo III,730
Leatherheads,731
Did You Hear About the Morgans?,732
The Internship,733
Resident Evil: Afterlife,734
Red Tails,735
The Devil's Advocate,736
That's My Boy,737
DragonHeart,738
After the Sunset,739
Ghost Rider: Spirit of Vengeance,740
Captain Corelli's Mandolin,741
The Pacifier,742
Walking Tall,743
Forrest Gump,744
Alvin and the Chipmunks,745
Meet the Parents,746
Pocahontas,747
Superman,748
The Nutty Professor,749
Hitch,750
George of the Jungle,751
American Wedding,752
Captain Phillips,753
Date Night,754
Casper,755
The Equalizer,756
Maid in Manhattan,757
Crimson Tide,758
The Pursuit of Happyness,759
Flightplan,760
Disclosure,761
City of Angels,762
Kill Bill: Vol. 1,763
Bowfinger,764
Kill Bill: Vol. 2,765
Tango & Cash,766
Death Becomes Her,767
Shanghai Noon,768
Executive Decision,769
Mr. Popper's Penguins,770
The Forbidden Kingdom,771
Free Birds,772
Alien³,773
Evita,774
Ronin,775
The Ghost and the Darkness,776
Paddington,777
The Watch,778
The Hunted,779
Instinct,780
Stuck on You,781
Semi-Pro,782
The Pirates! In an Adventure with Scientists!,783
Changeling,784
Chain Reaction,785
The Fan,786
The Phantom of the Opera,787
Elizabeth: The Golden Age,788
Æon Flux,789
Gods and Generals,790
Turbulence,791
Imagine That,792
Muppets Most Wanted,793
Thunderbirds,794
Burlesque,795
A Very Long Engagement,796
Lolita,797
D-Tox,798
Blade II,799
Seven Pounds,800
Bullet to the Head,801
The Godfather: Part III,802
Elizabethtown,803
"You, Me and Dupree",804
Superman II,805
Gigli,806
All the King's Men,807
Shaft,808
Anastasia,809
Moulin Rouge!,810
Domestic Disturbance,811
Flags of Our Fathers,812
Law Abiding Citizen,813
Beloved,814
Lucky You,815
Catch Me If You Can,816
Zero Dark Thirty,817
The Break-Up,818
Mamma Mia!,819
Valentine's Day,820
The Dukes of Hazzard,821
The Thin Red Line,822
The Change-Up,823
Man on the Moon,824
Casino,825
From Paris with Love,826
Bulletproof Monk,827
"Me, Myself & Irene",828
Barnyard,829
Deck the Halls,830
The Twilight Saga: New Moon,831
Shrek,832
The Adjustment Bureau,833
Robin Hood: Prince of Thieves,834
Jerry Maguire,835
Ted,836
As Good as It Gets,837
Patch Adams,838
Anchorman 2: The Legend Continues,839
Mr. Deeds,840
Super 8,841
Erin Brockovich,842
How to Lose a Guy in 10 Days,843
22 Jump Street,844
Interview with the Vampire,845
Yes Man,846
Stepmom,847
Into the Woods,848
Inside Man,849
Payback,850
Congo,851
We Bought a Zoo,852
Knowing,853
Failure to Launch,854
The Ring Two,855
"Crazy, Stupid, Love.",856
Garfield,857
Christmas with the Kranks,858
Moneyball,859
Outbreak,860
Non-Stop,861
Race to Witch Mountain,862
V for Vendetta,863
Shanghai Knights,864
Curious George,865
Herbie Fully Loaded,866
Don't Say a Word,867
Hansel & Gretel: Witch Hunters,868
Unfaithful,869
I Am Number Four,870
Syriana,871
The Book of Life,872
Firewall,873
Absolute Power,874
G.I. Jane,875
The Game,876
Silent Hill,877
The Replacements,878
American Reunion,879
The Negotiator,880
Into the Storm,881
Beverly Hills Cop III,882
Gremlins 2: The New Batch,883
The Judge,884
The Peacemaker,885
Resident Evil: Apocalypse,886
Bridget Jones: The Edge of Reason,887
Out of Time,888
On Deadly Ground,889
The Adventures of Sharkboy and Lavagirl,890
The Beach,891
Raising Helen,892
Ninja Assassin,893
For Love of the Game,894
Striptease,895
Marmaduke,896
Hereafter,897
Murder by Numbers,898
Assassins,899
Hannibal Rising,900
The Story of Us,901
The Host,902
Basic,903
Blood Work,904
The International,905
Escape from L.A.,906
The Iron Giant,907
The Life Aquatic with Steve Zissou,908
The Life of David Gale,909
Man of the House,910
Run All Night,911
Eastern Promises,912
Into the Blue,913
The Messenger: The Story of Joan of Arc,914
Your Highness,915
Dream House,916
Mad City,917
Baby's Day Out,918
The Scarlet Letter,919
Fair Game,920
Domino,921
Jade,922
Gamer,923
Beautiful Creatures,924
Death to Smoochy,925
The Big Bounce,926
What Planet Are You From?,927
Drive Angry,928
Street Fighter: The Legend of Chun-Li,929
The One,930
The Adventures of Ford Fairlane,931
The Boat That Rocked,932
Traffic,933
Indiana Jones and the Last Crusade,934
Anna Karenina,935
Chappie,936
The Bone Collector,937
Panic Room,938
Three Kings,939
Rat Race,940
K-PAX,941
Kate & Leopold,942
Bedazzled,943
The Cotton Club,944
3:10 to Yuma,945
Taken 3,946
Out of Sight,947
The Cable Guy,948
Earth,949
Dick Tracy,950
The Thomas Crown Affair,951
Riding in Cars with Boys,952
First Blood,953
Solaris,954
Happily N'Ever After,955
Mary Reilly,956
My Best Friend's Wedding,957
America's Sweethearts,958
Insomnia,959
Star Trek: First Contact,960
Jonah Hex,961
Courage Under Fire,962
Liar Liar,963
The Flintstones,964
Taken 2,965
Scary Movie 3,966
Miss Congeniality,967
Journey to the Center of the Earth,968
The Princess Diaries 2: Royal Engagement,969
The Pelican Brief,970
The Client,971
The Bucket List,972
Patriot Games,973
Monster-in-Law,974
Prisoners,975
Training Day,976
Galaxy Quest,977
Scary Movie 2,978
The Muppets,979
Blade,980
Coach Carter,981
Changing Lanes,982
Anaconda,983
Coyote Ugly,984
Love Actually,985
A Bug's Life,986
From Hell,987
The Specialist,988
Tin Cup,989
"Yours, Mine and Ours",990
Kicking & Screaming,991
The Hitchhiker's Guide to the Galaxy,992
Fat Albert,993
Resident Evil: Extinction,994
Blended,995
Last Holiday,996
The River Wild,997
The Indian in the Cupboard,998
Savages,999
Cellular,1000
Johnny English,1001
The Ant Bully,1002
Dune,1003
Across the Universe,1004
Revolutionary Road,1005
16 Blocks,1006
Babylon A.D.,1007
The Glimmer Man,1008
Multiplicity,1009
Aliens in the Attic,1010
The Pledge,1011
The Producers,1012
The Phantom,1013
All the Pretty Horses,1014
Nixon,1015
The Ghost Writer,1016
Deep Rising,1017
Miracle at St. Anna,1018
Curse of the Golden Flower,1019
Bangkok Dangerous,1020
Big Trouble,1021
Love in the Time of Cholera,1022
Shadow Conspiracy,1023
Johnny English Reborn,1024
Foodfight!,1025
Argo,1026
The Fugitive,1027
The Bounty Hunter,1028
Sleepers,1029
Rambo: First Blood Part II,1030
The Juror,1031
Pinocchio,1032
Heaven's Gate,1033
Underworld: Evolution,1034
Finding Forrester,1035
28 Days,1036
Unleashed,1037
The Sweetest Thing,1038
The Firm,1039
Charlie St. Cloud,1040
The Mechanic,1041
21 Jump Street,1042
Notting Hill,1043
Chicken Run,1044
Along Came Polly,1045
Boomerang,1046
The Heat,1047
Cleopatra,1048
Here Comes the Boom,1049
High Crimes,1050
The Mirror Has Two Faces,1051
The Mothman Prophecies,1052
Brüno,1053
Licence to Kill,1054
Red Riding Hood,1055
15 Minutes,1056
Super Mario Bros.,1057
Lord of War,1058
Hero,1059
One for the Money,1060
The Interview,1061
The Warrior's Way,1062
Micmacs,1063
8 Mile,1064
A Knight's Tale,1065
The Medallion,1066
The Sixth Sense,1067
Man on a Ledge,1068
The Big Year,1069
The Karate Kid,1070
American Hustle,1071
The Proposal,1072
Double Jeopardy,1073
Back to the Future Part II,1074
Lucy,1075
Fifty Shades of Grey,1076
Spy Kids 3-D: Game Over,1077
A Time to Kill,1078
Cheaper by the Dozen,1079
Lone Survivor,1080
A League of Their Own,1081
The Social Network,1082
He's Just Not That Into You,1083
Scary Movie 4,1084
Scream 3,1085
Back to the Future Part III,1086
Get Hard,1087
Dracula,1088
Julie & Julia,1089
42,1090
The Talented Mr. Ripley,1091
Dumb and Dumber To,1092
Eight Below,1093
The Last of the Mohicans,1094
Ray,1095
Sin City,1096
Vantage Point,1097
"I Love You, Man",1098
Shallow Hal,1099
JFK,1100
Big Momma's House 2,1101
The Mexican,1102
17 Again,1103
The Other Woman,1104
The Final Destination,1105
Behind Enemy Lines,1106
Get Him to the Greek,1107
Shall We Dance?,1108
Small Soldiers,1109
Spawn,1110
The Count of Monte Cristo,1111
The Lincoln Lawyer,1112
Unknown,1113
The Prestige,1114
Horrible Bosses 2,1115
Escape from Planet Earth,1116
Apocalypto,1117
The Living Daylights,1118
Predators,1119
Legal Eagles,1120
Secret Window,1121
The Lake House,1122
The Skeleton Key,1123
The Odd Life of Timothy Green,1124
Made of Honor,1125
Jersey Boys,1126
The Rainmaker,1127
Gothika,1128
Amistad,1129
Medicine Man,1130
Aliens vs Predator: Requiem,1131
Ri¢hie Ri¢h,1132
Autumn in New York,1133
Music and Lyrics,1134
Paul,1135
The Guilt Trip,1136
Scream 4,1137
8MM,1138
The Doors,1139
Sex Tape,1140
Hanging Up,1141
Final Destination 5,1142
Mickey Blue Eyes,1143
Pay It Forward,1144
Fever Pitch,1145
Drillbit Taylor,1146
A Million Ways to Die in the West,1147
The Shadow,1148
Extremely Loud & Incredibly Close,1149
Morning Glory,1150
Get Rich or Die Tryin',1151
The Art of War,1152
Rent,1153
Bless the Child,1154
The Out-of-Towners,1155
The Island of Dr. Moreau,1156
The Musketeer,1157
The Other Boleyn Girl,1158
Sweet November,1159
The Reaping,1160
Mean Streets,1161
Renaissance Man,1162
Colombiana,1163
Quest for Camelot,1164
City By The Sea,1165
At First Sight,1166
Torque,1167
City Hall,1168
Showgirls,1169
Marie Antoinette,1170
Kiss of Death,1171
Get Carter,1172
The Impossible,1173
Ishtar,1174
Fantastic Mr. Fox,1175
Life or Something Like It,1176
Memoirs of an Invisible Man,1177
Amélie,1178
New York Minute,1179
Alfie,1180
Big Miracle,1181
The Deep End of the Ocean,1182
FearDotCom,1183
Cirque du Freak: The Vampire's Assistant,1184
Duplex,1185
Soul Men,1186
Raise the Titanic,1187
Universal Soldier: The Return,1188
Pandorum,1189
Impostor,1190
Extreme Ops,1191
Just Visiting,1192
Sunshine,1193
A Thousand Words,1194
Delgo,1195
The Gunman,1196
Stormbreaker,1197
Disturbia,1198
Hackers,1199
The Hunting Party,1200
The Hudsucker Proxy,1201
The Warlords,1202
Nomad: The Warrior,1203
Snowpiercer,1204
A Monster in Paris,1205
The Last Shot,1206
The Crow,1207
The Time Traveler's Wife,1208
Because I Said So,1209
Frankenweenie,1210
Serenity,1211
Against the Ropes,1212
Superman III,1213
Grudge Match,1214
Red Cliff,1215
Sweet Home Alabama,1216
The Ugly Truth,1217
Sgt. Bilko,1218
Spy Kids 2: The Island of Lost Dreams,1219
Star Trek: Generations,1220
The Grandmaster,1221
Water for Elephants,1222
The Hurricane,1223
Enough,1224
Heartbreakers,1225
Angel Eyes,1226
Joe Somebody,1227
The Ninth Gate,1228
Extreme Measures,1229
Rock Star,1230
Precious,1231
White Squall,1232
The Thing,1233
Riddick,1234
Switchback,1235
Texas Rangers,1236
City of Ember,1237
The Master,1238
Virgin Territory,1239
The Express,1240
The Town,1241
What to Expect When You're Expecting,1242
Burn After Reading,1243
Nim's Island,1244
Rush,1245
Magnolia,1246
Cop Out,1247
Dolphin Tale,1248
Twilight,1249
John Q,1250
Blue Streak,1251
We're the Millers,1252
The Inhabited Island,1253
Breakdown,1254
Never Say Never Again,1255
Hot Tub Time Machine,1256
Dolphin Tale 2,1257
Reindeer Games,1258
A Man Apart,1259
Ghosts of Mississippi,1260
Snow Falling on Cedars,1261
The Rite,1262
Gattaca,1263
Isn't She Great,1264
Space Chimps,1265
Head of State,1266
The Hangover,1267
Austin Powers: The Spy Who Shagged Me,1268
Batman,1269
There Be Dragons,1270
Lethal Weapon 3,1271
The Blind Side,1272
Spy Kids,1273
Horrible Bosses,1274
True Grit,1275
The Devil Wears Prada,1276
Star Trek: The Motion Picture,1277
Identity Thief,1278
Cape Fear,1279
21,1280
Guess Who,1281
The English Patient,1282
L.A. Confidential,1283
Sky High,1284
In & Out,1285
Species,1286
A Nightmare on Elm Street,1287
The Cell,1288
The Man in the Iron Mask,1289
Secretariat,1290
TMNT,1291
Radio,1292
Friends with Benefits,1293
Saving Mr. Banks,1294
Malcolm X,1295
This Is 40,1296
Old Dogs,1297
Underworld: Rise of the Lycans,1298
License to Wed,1299
The Benchwarmers,1300
Must Love Dogs,1301
Donnie Brasco,1302
Resident Evil,1303
Poltergeist,1304
The Ladykillers,1305
Max Payne,1306
In Time,1307
The Back-Up Plan,1308
Something Borrowed,1309
Black Knight,1310
The Bad News Bears,1311
Street Fighter,1312
The Pianist,1313
The Nativity Story,1314
House of Wax,1315
Closer,1316
J. Edgar,1317
Mirrors,1318
Queen of the Damned,1319
Predator 2,1320
Untraceable,1321
Blast from the Past,1322
Flash Gordon,1323
Jersey Girl,1324
Alex Cross,1325
Midnight in the Garden of Good and Evil,1326
Nanny McPhee and the Big Bang,1327
Hoffa,1328
The X Files: I Want to Believe,1329
Ella Enchanted,1330
Abduction,1331
Valiant,1332
Wonder Boys,1333
Superhero Movie,1334
Broken City,1335
Cursed,1336
Premium Rush,1337
The Four Feathers,1338
Parker,1339
Wimbledon,1340
Furry Vengeance,1341
Bait,1342
Krull,1343
Lions for Lambs,1344
Flight of the Intruder,1345
Walk Hard: The Dewey Cox Story,1346
The Shipping News,1347
American Outlaws,1348
The Young Victoria,1349
Whiteout,1350
The Tree of Life,1351
Knock Off,1352
Sabotage,1353
The Order,1354
Punisher: War Zone,1355
Zoom,1356
Warriors of Virtue,1357
A Good Year,1358
Radio Flyer,1359
Bound by Honor,1360
Smilla's Sense of Snow,1361
Femme Fatale,1362
Lion of the Desert,1363
The Horseman on the Roof,1364
Ride with the Devil,1365
Biutiful,1366
Bandidas,1367
The Maze Runner,1368
Unfinished Business,1369
The Age of Innocence,1370
The Fountain,1371
Chill Factor,1372
Stolen,1373
Ponyo,1374
The Astronaut's Wife,1375
I Dreamed of Africa,1376
Playing for Keeps,1377
Mandela: Long Walk to Freedom,1378
Reds,1379
A Few Good Men,1380
Exit Wounds,1381
Big Momma's House,1382
The Darkest Hour,1383
Step Up Revolution,1384
Snakes on a Plane,1385
The Watcher,1386
The Punisher,1387
Goal!: The Dream Begins,1388
Safe,1389
Pushing Tin,1390
Return of the Jedi,1391
Doomsday,1392
The Reader,1393
Wanderlust,1394
Elf,1395
Phenomenon,1396
Snow Dogs,1397
Scrooged,1398
Nacho Libre,1399
Bridesmaids,1400
This Is the End,1401
Stigmata,1402
Men of Honor,1403
Takers,1404
The Big Wedding,1405
"Big Mommas: Like Father, Like Son",1406
Source Code,1407
Alive,1408
The Number 23,1409
The Young and Prodigious T.S. Spivet,1410
1941,1411
Dreamer: Inspired By a True Story,1412
A History of Violence,1413
Transporter 2,1414
The Quick and the Dead,1415
Laws of Attraction,1416
Bringing Out the Dead,1417
Repo Men,1418
Dragon Wars: D-War,1419
Bogus,1420
The Incredible Burt Wonderstone,1421
Cats Don't Dance,1422
Cradle Will Rock,1423
The Good German,1424
George and the Dragon,1425
Apocalypse Now,1426
Going the Distance,1427
Mr. Holland's Opus,1428
Out of Africa,1429
Flight,1430
Moonraker,1431
The Grand Budapest Hotel,1432
Hearts in Atlantis,1433
Arachnophobia,1434
Frequency,1435
Get Shorty,1436
Chicago,1437
Big Daddy,1438
American Pie 2,1439
Toy Story,1440
Speed,1441
The Vow,1442
Extraordinary Measures,1443
Remember the Titans,1444
The Hunt for Red October,1445
The Butler,1446
DodgeBall: A True Underdog Story,1447
The Addams Family,1448
Ace Ventura: When Nature Calls,1449
The Princess Diaries,1450
The First Wives Club,1451
Se7en,1452
District 9,1453
The SpongeBob SquarePants Movie,1454
Mystic River,1455
Million Dollar Baby,1456
Analyze This,1457
The Notebook,1458
27 Dresses,1459
Hannah Montana: The Movie,1460
Rugrats in Paris: The Movie,1461
The Prince of Tides,1462
Legends of the Fall,1463
Up in the Air,1464
About Schmidt,1465
Warm Bodies,1466
Looper,1467
Down to Earth,1468
Babe,1469
Hope Springs,1470
Forgetting Sarah Marshall,1471
Four Brothers,1472
Baby Mama,1473
Hope Floats,1474
Bride Wars,1475
Without a Paddle,1476
13 Going on 30,1477
Midnight in Paris,1478
The Nut Job,1479
Blow,1480
Message in a Bottle,1481
Star Trek V: The Final Frontier,1482
Like Mike,1483
The Naked Gun 33⅓: The Final Insult,1484
A View to a Kill,1485
The Curse of the Were-Rabbit,1486
P.S. I Love You,1487
Racing Stripes,1488
Atonement,1489
Letters to Juliet,1490
Black Rain,1491
The Three Stooges,1492
Corpse Bride,1493
Glory Road,1494
Drag Me to Hell,1495
Secondhand Lions,1496
Step Up 3D,1497
Blue Crush,1498
Stranger Than Fiction,1499
30 Days of Night,1500
The Cabin in the Woods,1501
Meet the Spartans,1502
Midnight Run,1503
The Running Man,1504
Little Shop of Horrors,1505
Hanna,1506
Mortal Kombat: Annihilation,1507
Larry Crowne,1508
Carrie,1509
Take the Lead,1510
Gridiron Gang,1511
What's the Worst That Could Happen?,1512
9,1513
Side Effects,1514
The Prince & Me,1515
Winnie the Pooh,1516
Dumb and Dumberer: When Harry Met Lloyd,1517
Bulworth,1518
Get on Up,1519
One True Thing,1520
Virtuosity,1521
My Super Ex-Girlfriend,1522
Deliver Us from Evil,1523
Sanctum,1524
Little Black Book,1525
The Five-Year Engagement,1526
Mr. 3000,1527
The Next Three Days,1528
Ultraviolet,1529
Assault on Precinct 13,1530
The Replacement Killers,1531
Fled,1532
Eight Legged Freaks,1533
Love & Other Drugs,1534
88 Minutes,1535
North Country,1536
The Whole Ten Yards,1537
Splice,1538
Howard the Duck,1539
Pride and Glory,1540
The Cave,1541
Alex & Emma,1542
Wicker Park,1543
Fright Night,1544
The New World,1545
Wing Commander,1546
In Dreams,1547
Dragonball Evolution,1548
The Last Stand,1549
Godsend,1550
Chasing Liberty,1551
Hoodwinked Too! Hood VS. Evil,1552
An Unfinished Life,1553
The Imaginarium of Doctor Parnassus,1554
Barney's Version,1555
Runner Runner,1556
Antitrust,1557
Glory,1558
Once Upon a Time in America,1559
Dead Man Down,1560
The Merchant of Venice,1561
The Good Thief,1562
Supercross,1563
Miss Potter,1564
The Promise,1565
DOA: Dead or Alive,1566
The Assassination of Jesse James by the Coward Robert Ford,1567
1911,1568
Little Nicholas,1569
Wild Card,1570
Machine Gun Preacher,1571
Animals United,1572
Goodbye Bafana,1573
Grace of Monaco,1574
Ripley's Game,1575
Walk the Line,1576
Keeping the Faith,1577
The Borrowers,1578
Frost/Nixon,1579
Confessions of a Dangerous Mind,1580
Serving Sara,1581
Cry Freedom,1582
Mumford,1583
Seed of Chucky,1584
The Jacket,1585
Aladdin,1586
Indiana Jones and the Temple of Doom,1587
The Rugrats Movie,1588
Along Came a Spider,1589
Once Upon a Time in Mexico,1590
Die Hard,1591
Role Models,1592
Taking Woodstock,1593
Miracle,1594
Dawn of the Dead,1595
The Wedding Planner,1596
Space Pirate Captain Harlock,1597
The Royal Tenenbaums,1598
Identity,1599
Last Vegas,1600
For Your Eyes Only,1601
Serendipity,1602
Timecop,1603
Zoolander,1604
Safe Haven,1605
Hocus Pocus,1606
No Reservations,1607
Kick-Ass,1608
30 Minutes or Less,1609
Dracula 2000,1610
"Alexander and the Terrible, Horrible, No Good, Very Bad Day",1611
Pride & Prejudice,1612
Blade Runner,1613
Rob Roy,1614
3 Days to Kill,1615
We Own the Night,1616
Lost Souls,1617
Winged Migration,1618
Just My Luck,1619
"Mystery, Alaska",1620
The Spy Next Door,1621
A Simple Wish,1622
Ghosts of Mars,1623
Kundun,1624
How to Lose Friends & Alienate People,1625
Kick-Ass 2,1626
Alatriste,1627
Brick Mansions,1628
Octopussy,1629
Knocked Up,1630
My Sister's Keeper,1631
Welcome Home Roscoe Jenkins,1632
A Passage to India,1633
Notes on a Scandal,1634
Rendition,1635
Star Trek VI: The Undiscovered Country,1636
Divine Secrets of the Ya-Ya Sisterhood,1637
Kiss the Girls,1638
The Blues Brothers,1639
The Sisterhood of the Traveling Pants 2,1640
Joyful Noise,1641
About a Boy,1642
Lake Placid,1643
Lucky Number Slevin,1644
The Right Stuff,1645
Anonymous,1646
The NeverEnding Story,1647
Dark City,1648
The Duchess,1649
Return to Oz,1650
The Newton Boys,1651
Case 39,1652
Suspect Zero,1653
Martian Child,1654
Spy Kids: All the Time in the World,1655
The 51st State,1656
Flawless,1657
Mindhunters,1658
What Just Happened,1659
The Statement,1660
The Magic Flute,1661
Paul Blart: Mall Cop,1662
Freaky Friday,1663
The 40 Year Old Virgin,1664
Shakespeare in Love,1665
A Walk Among the Tombstones,1666
Kindergarten Cop,1667
Pineapple Express,1668
Ever After: A Cinderella Story,1669
Open Range,1670
Flatliners,1671
A Bridge Too Far,1672
Red Eye,1673
Final Destination 2,1674
"O Brother, Where Art Thou?",1675
Legion,1676
Pain & Gain,1677
In Good Company,1678
Clockstoppers,1679
Silverado,1680
Brothers,1681
Agent Cody Banks 2: Destination London,1682
New Year's Eve,1683
Original Sin,1684
The Raven,1685
Welcome to Mooseport,1686
Highlander: The Final Dimension,1687
Blood and Wine,1688
Snow White: A Tale of Terror,1689
The Curse of the Jade Scorpion,1690
Flipper,1691
The Constant Gardener,1692
The Passion of the Christ,1693
Mrs. Doubtfire,1694
Rain Man,1695
Gran Torino,1696
W.,1697
Taken,1698
The Best of Me,1699
The Bodyguard,1700
Schindler's List,1701
The Help,1702
The Fifth Estate,1703
Scooby-Doo 2: Monsters Unleashed,1704
Forbidden Kingdom,1705
Freddy vs. Jason,1706
Jimmy Neutron: Boy Genius,1707
Cloverfield,1708
Teenage Mutant Ninja Turtles II: The Secret of the Ooze,1709
The Untouchables,1710
No Country for Old Men,1711
Ride Along,1712
Bridget Jones's Diary,1713
Chocolat,1714
"Legally Blonde 2: Red, White & Blonde",1715
Parental Guidance,1716
No Strings Attached,1717
Tombstone,1718
Romeo Must Die,1719
The Omen,1720
Final Destination 3,1721
The Lucky One,1722
Bridge to Terabithia,1723
Finding Neverland,1724
A Madea Christmas,1725
The Grey,1726
Hide and Seek,1727
Anchorman: The Legend of Ron Burgundy,1728
GoodFellas,1729
Agent Cody Banks,1730
Nanny McPhee,1731
Scarface,1732
Nothing to Lose,1733
The Last Emperor,1734
Contraband,1735
Money Talks,1736
There Will Be Blood,1737
The Wild Thornberrys Movie,1738
Rugrats Go Wild,1739
Undercover Brother,1740
The Sisterhood of the Traveling Pants,1741
Kiss of the Dragon,1742
The House Bunny,1743
Beauty Shop,1744
Million Dollar Arm,1745
The Giver,1746
What a Girl Wants,1747
Jeepers Creepers 2,1748
Good Luck Chuck,1749
Cradle 2 the Grave,1750
The Hours,1751
She's the Man,1752
Mr. Bean's Holiday,1753
Anacondas: The Hunt for the Blood Orchid,1754
Blood Ties,1755
August Rush,1756
Elizabeth,1757
Bride of Chucky,1758
Tora! Tora! Tora!,1759
Spice World,1760
The Sitter,1761
Dance Flick,1762
The Shawshank Redemption,1763
Crocodile Dundee in Los Angeles,1764
Kingpin,1765
The Gambler,1766
August: Osage County,1767
Ice Princess,1768
A Lot Like Love,1769
He Got Game,1770
Don Juan DeMarco,1771
Dear John,1772
The Losers,1773
Don't Be Afraid of the Dark,1774
War,1775
Punch-Drunk Love,1776
EuroTrip,1777
Half Past Dead,1778
Unaccompanied Minors,1779
"Bright Lights, Big City",1780
The Adventures of Pinocchio,1781
The Greatest Game Ever Played,1782
The Box,1783
The Ruins,1784
The Next Best Thing,1785
My Soul to Take,1786
The Girl Next Door,1787
Maximum Risk,1788
Stealing Harvard,1789
Hot Rod,1790
Shark Night,1791
Angela's Ashes,1792
Draft Day,1793
Lifeforce,1794
The Conspirator,1795
Lords of Dogtown,1796
Big Trouble in Little China,1797
Fly Me to the Moon,1798
Warrior,1799
Michael Collins,1800
Gettysburg,1801
Stop-Loss,1802
Abandon,1803
Brokedown Palace,1804
The Possession,1805
Mrs. Winterbourne,1806
Straw Dogs,1807
The Hoax,1808
Stone Cold,1809
The Road,1810
Sheena,1811
Underclassman,1812
Say It Isn't So,1813
The World's Fastest Indian,1814
Tank Girl,1815
King's Ransom,1816
Blindness,1817
BloodRayne,1818
Carnage,1819
Where the Truth Lies,1820
Cirque du Soleil: Worlds Away,1821
Without Limits,1822
Me and Orson Welles,1823
The Best Offer,1824
The Bad Lieutenant: Port of Call - New Orleans,1825
A Turtle's Tale: Sammy's Adventures,1826
Little White Lies,1827
Love Ranch,1828
The True Story of Puss 'n Boots,1829
The Counselor,1830
Ironclad,1831
Waterloo,1832
Dangerous Liaisons,1833
On the Road,1834
Star Trek IV: The Voyage Home,1835
Rocky Balboa,1836
Scream 2,1837
Think Like a Man Too,1838
The Whole Nine Yards,1839
Footloose,1840
Old School,1841
The Fisher King,1842
I Still Know What You Did Last Summer,1843
Return to Me,1844
Zack and Miri Make a Porno,1845
Nurse Betty,1846
The Men Who Stare at Goats,1847
Double Take,1848
"Girl, Interrupted",1849
Win a Date with Tad Hamilton!,1850
Muppets from Space,1851
The Wiz,1852
Ready to Rumble,1853
Play It to the Bone,1854
I Don't Know How She Does It,1855
Piranha 3D,1856
Beyond the Sea,1857
Meet the Deedles,1858
The Bridge of San Luis Rey,1859
Faster,1860
Howl's Moving Castle,1861
Zombieland,1862
The Waterboy,1863
The Empire Strikes Back,1864
Bad Boys,1865
The Naked Gun 2½: The Smell of Fear,1866
Final Destination,1867
The Ides of March,1868
Pitch Black,1869
Someone Like You...,1870
Her,1871
Joy Ride,1872
The Adventurer: The Curse of the Midas Box,1873
Anywhere But Here,1874
The Crew,1875
Haywire,1876
Jaws: The Revenge,1877
Marvin's Room,1878
The Longshots,1879
The End of the Affair,1880
Harley Davidson and the Marlboro Man,1881
In the Valley of Elah,1882
Coco Before Chanel,1883
Cheri,1884
Vanity Fair,1885
Bodyguards and Assassins,1886
1408,1887
Spaceballs,1888
The Water Diviner,1889
Ghost,1890
There's Something About Mary,1891
The Santa Clause,1892
The Rookie,1893
The Game Plan,1894
The Bridges of Madison County,1895
The Animal,1896
Gandhi,1897
The Hundred-Foot Journey,1898
The Net,1899
I Am Sam,1900
Son of God,1901
Underworld,1902
Derailed,1903
The Informant!,1904
Shadowlands,1905
Deuce Bigalow: European Gigolo,1906
Delivery Man,1907
Saving Silverman,1908
Diary of a Wimpy Kid: Dog Days,1909
Summer of Sam,1910
Jay and Silent Bob Strike Back,1911
The Glass House,1912
Josie and the Pussycats,1913
Homefront,1914
The Little Vampire,1915
I Heart Huckabees,1916
RoboCop 3,1917
Megiddo: The Omega Code 2,1918
Darling Lili,1919
Dudley Do-Right,1920
The Libertine,1921
Black Book,1922
Joyeux Noël,1923
Hit & Run,1924
Mad Money,1925
Before I Go to Sleep,1926
Sorcerer,1927
Stone,1928
Moliere,1929
Out of the Furnace,1930
Michael Clayton,1931
My Fellow Americans,1932
Arlington Road,1933
Underdogs,1934
To Rome with Love,1935
Firefox,1936
"South Park: Bigger, Longer & Uncut",1937
Death at a Funeral,1938
Teenage Mutant Ninja Turtles III,1939
Hardball,1940
Silver Linings Playbook,1941
Freedom Writers,1942
For Colored Girls,1943
The Transporter,1944
Never Back Down,1945
The Rage: Carrie 2,1946
Away We Go,1947
Swing Vote,1948
Moonlight Mile,1949
Tinker Tailor Soldier Spy,1950
Molly,1951
The Beaver,1952
The Best Little Whorehouse in Texas,1953
eXistenZ,1954
Raiders of the Lost Ark,1955
Home Alone 2: Lost in New York,1956
Close Encounters of the Third Kind,1957
Pulse,1958
Beverly Hills Cop II,1959
Bringing Down the House,1960
The Silence of the Lambs,1961
Wayne's World,1962
Jackass 3D,1963
Jaws 2,1964
Beverly Hills Chihuahua,1965
The Conjuring,1966
Are We There Yet?,1967
Tammy,1968
School of Rock,1969
Mortal Kombat,1970
White Chicks,1971
The Descendants,1972
Holes,1973
The Last Song,1974
12 Years a Slave,1975
Drumline,1976
Why Did I Get Married Too?,1977
Edward Scissorhands,1978
Madea's Witness Protection,1979
The French Connection,1980
Date Movie,1981
Return to Never Land,1982
Selma,1983
The Jungle Book 2,1984
Boogeyman,1985
Premonition,1986
The Tigger Movie,1987
Orphan,1988
Epic Movie,1989
Lakeview Terrace,1990
The Grudge 2,1991
How Stella Got Her Groove Back,1992
Bill & Ted's Bogus Journey,1993
Man of the Year,1994
The Black Hole,1995
The American,1996
Selena,1997
Vampires Suck,1998
Babel,1999
This Is Where I Leave You,2000
Doubt,2001
Team America: World Police,2002
Texas Chainsaw 3D,2003
Copycat,2004
Scary Movie 5,2005
Paint Your Wagon,2006
Milk,2007
Ghost Ship,2008
A Very Harold & Kumar Christmas,2009
Wild Things,2010
The Stepfather,2011
The Debt,2012
High Fidelity,2013
One Missed Call,2014
Eye for an Eye,2015
The Bank Job,2016
Eternal Sunshine of the Spotless Mind,2017
You Again,2018
Street Kings,2019
The World's End,2020
Nancy Drew,2021
Daybreakers,2022
She's Out of My League,2023
Monte Carlo,2024
Stay Alive,2025
Quigley Down Under,2026
Alpha and Omega,2027
The Covenant,2028
Stick It,2029
Shorts,2030
To Die For,2031
Appaloosa,2032
Vampires,2033
Psycho,2034
My Best Friend's Girl,2035
Endless Love,2036
Georgia Rule,2037
Under the Rainbow,2038
Ladyhawke,2039
Simon Birch,2040
Reign Over Me,2041
Into the Wild,2042
School for Scoundrels,2043
Silent Hill: Revelation 3D,2044
From Dusk Till Dawn,2045
Pooh's Heffalump Movie,2046
Home for the Holidays,2047
Kung Fu Hustle,2048
The Country Bears,2049
The Kite Runner,2050
21 Grams,2051
Paparazzi,2052
A Guy Thing,2053
Loser,2054
Capitalism: A Love Story,2055
The Greatest Story Ever Told,2056
Disaster Movie,2057
Armored,2058
The Man Who Knew Too Little,2059
What's Your Number?,2060
Lockout,2061
Envy,2062
Crank: High Voltage,2063
Bullets Over Broadway,2064
One Night with the King,2065
The Quiet American,2066
The Weather Man,2067
Undisputed,2068
Ghost Town,2069
12 Rounds,2070
Let Me In,2071
3 Ninjas Kick Back,2072
Be Kind Rewind,2073
Mrs Henderson Presents,2074
Deconstructing Harry,2075
Three to Tango,2076
We're No Angels,2077
Everyone Says I Love You,2078
Death Sentence,2079
Everybody's Fine,2080
Superbabies: Baby Geniuses 2,2081
The Man,2082
Code Name: The Cleaner,2083
Connie and Carla,2084
Sweet Charity,2085
Inherent Vice,2086
Doogal,2087
Battle of the Year,2088
An American Carol,2089
Machete Kills,2090
Willard,2091
Strange Wilderness,2092
Topsy-Turvy,2093
A Dangerous Method,2094
A Scanner Darkly,2095
Chasing Mavericks,2096
Alone in the Dark,2097
Bandslam,2098
Birth,2099
A Most Violent Year,2100
Passchendaele,2101
Flash of Genius,2102
I'm Not There.,2103
The Cold Light of Day,2104
The Brothers Bloom,2105
"Synecdoche, New York",2106
Princess Mononoke,2107
Bon voyage,2108
Can't Stop the Music,2109
The Proposition,2110
Marci X,2111
Equilibrium,2112
The Children of Huang Shi,2113
The Yards,2114
Steamboy,2115
The Game of Their Lives,2116
All Good Things,2117
Rapa Nui,2118
CJ7,2119
The Visitors II: The Corridors of Time,2120
Dylan Dog: Dead of Night,2121
People I Know,2122
Three Kingdoms: Resurrection of the Dragon,2123
Butterfly on a Wheel,2124
Zambezia,2125
The Frozen Ground,2126
The Painted Veil,2127
The Baader Meinhof Complex,2128
Dances with Wolves,2129
Bad Teacher,2130
Sea of Love,2131
A Cinderella Story,2132
Scream,2133
Thir13en Ghosts,2134
The Shining,2135
Back to the Future,2136
House on Haunted Hill,2137
I Can Do Bad All By Myself,2138
The Switch,2139
Just Married,2140
The Devil's Double,2141
Thomas and the Magic Railroad,2142
The Crazies,2143
Spirited Away,2144
The Bounty,2145
The Book Thief,2146
Sex Drive,2147
Leap Year,2148
The Fall of the Roman Empire,2149
Take Me Home Tonight,2150
Won't Back Down,2151
The Nutcracker,2152
Kansas City,2153
The Amityville Horror,2154
Adaptation.,2155
Land of the Dead,2156
Fear and Loathing in Las Vegas,2157
The Invention of Lying,2158
Neighbors,2159
The Mask,2160
Big,2161
Borat: Cultural Learnings of America for Make Benefit Glorious Nation of Kazakhstan,2162
Legally Blonde,2163
Star Trek III: The Search for Spock,2164
The Exorcism of Emily Rose,2165
Deuce Bigalow: Male Gigolo,2166
Left Behind,2167
The Family Stone,2168
Barbershop 2:  Back in Business,2169
Bad Santa,2170
Austin Powers: International Man of Mystery,2171
Diary of a Wimpy Kid: Rodrick Rules,2172
Predator,2173
Amadeus,2174
Prom Night,2175
Mean Girls,2176
Under the Tuscan Sun,2177
Gosford Park,2178
Peggy Sue Got Married,2179
Birdman,2180
Blue Jasmine,2181
United 93,2182
Honey,2183
Spy Hard,2184
The Fog,2185
Soul Surfer,2186
Catch-22,2187
Observe and Report,2188
Conan the Destroyer,2189
Raging Bull,2190
Love Happens,2191
Young Sherlock Holmes,2192
Fame,2193
127 Hours,2194
Small Time Crooks,2195
Center Stage,2196
Catch That Kid,2197
Life as a House,2198
"I Love You, Beth Cooper",2199
Youth in Revolt,2200
The Legend of the Lone Ranger,2201
The Tailor of Panama,2202
Blow Out,2203
Getaway,2204
The Ice Storm,2205
And So It Goes,2206
Troop Beverly Hills,2207
Being Julia,2208
Nine 1/2 Weeks,2209
Dragonslayer,2210
The Last Station,2211
Ed Wood,2212
Labor Day,2213
Mongol: The Rise of Genghis Khan,2214
RockNRolla,2215
Megaforce,2216
Hamlet,2217
Mao's Last Dancer,2218
Anything Else,2219
The Railway Man,2220
The White Ribbon,2221
The Wraith,2222
Salton Sea,2223
Metallica: Through the Never,2224
The Informers,2225
Carlos,2226
One Man's Hero,2227
Day of the Dead,2228
Renaissance,2229
Red Sonja,2230
Red Lights,2231
Superbad,2232
Madea Goes to Jail,2233
Wolves,2234
Step Up 2: The Streets,2235
Hoodwinked!,2236
Hotel Rwanda,2237
Hitman,2238
Black Nativity,2239
The Prince,2240
City of Ghosts,2241
The Others,2242
Aliens,2243
My Fair Lady,2244
I Know What You Did Last Summer,2245
Let's Be Cops,2246
Sideways,2247
Beerfest,2248
Halloween,2249
Good Boy!,2250
The Best Man Holiday,2251
Smokin' Aces,2252
Saw: The Final Chapter,2253
40 Days and 40 Nights,2254
A Night at the Roxbury,2255
Beastly,2256
The Hills Have Eyes,2257
Dickie Roberts: Former Child Star,2258
"McFarland, USA",2259
Lottery Ticket,2260
ATL,2261
Pitch Perfect,2262
Summer Catch,2263
A Simple Plan,2264
They,2265
Larry the Cable Guy: Health Inspector,2266
The Adventures of Elmo in Grouchland,2267
Brooklyn's Finest,2268
55 Days at Peking,2269
Evil Dead,2270
My Life in Ruins,2271
American Dreamz,2272
Superman IV: The Quest for Peace,2273
How She Move,2274
Running Scared,2275
Bobby Jones: Stroke of Genius,2276
Shanghai Surprise,2277
The Illusionist,2278
Veronica Guerin,2279
Escobar: Paradise Lost,2280
Southland Tales,2281
Dragon Hunters,2282
Damnation Alley,2283
The Apparition,2284
My Girl,2285
Fur: An Imaginary Portrait of Diane Arbus,2286
Wall Street,2287
Sense and Sensibility,2288
Becoming Jane,2289
Sydney White,2290
House of Sand and Fog,2291
Dead Poets Society,2292
Dumb and Dumber,2293
When Harry Met Sally...,2294
The Verdict,2295
Road Trip,2296
Varsity Blues,2297
The Artist,2298
The Unborn,2299
Moonrise Kingdom,2300
The Texas Chainsaw Massacre: The Beginning,2301
The Master of Disguise,2302
Pan's Labyrinth,2303
See Spot Run,2304
Baby Boy,2305
The Roommate,2306
Joe Dirt,2307
Double Impact,2308
Hot Fuzz,2309
The Women,2310
Vicky Cristina Barcelona,2311
Arn: The Knight Templar,2312
Boys and Girls,2313
White Oleander,2314
Jennifer's Body,2315
Drowning Mona,2316
Radio Days,2317
Remember Me,2318
How to Deal,2319
My Stepmother is an Alien,2320
Philadelphia,2321
The Thirteenth Floor,2322
The Cookout,2323
Meteor,2324
Duets,2325
Hollywood Ending,2326
Detroit Rock City,2327
Highlander,2328
Things We Lost in the Fire,2329
Steel,2330
The Immigrant,2331
The White Countess,2332
Trance,2333
Soul Plane,2334
Welcome to the Sticks,2335
Good,2336
Enter the Void,2337
Vamps,2338
Hachi: A Dog's Tale,2339
Zulu,2340
The Homesman,2341
Juwanna Mann,2342
Ararat,2343
Madison,2344
Slow Burn,2345
Wasabi,2346
Slither,2347
Beverly Hills Cop,2348
Home Alone,2349
Three Men and a Baby,2350
Tootsie,2351
Top Gun,2352
"Crouching Tiger, Hidden Dragon",2353
American Beauty,2354
The King's Speech,2355
Twins,2356
The Yellow Handkerchief,2357
The Color Purple,2358
Tidal Wave,2359
The Imitation Game,2360
Private Benjamin,2361
Coal Miner's Daughter,2362
Diary of a Wimpy Kid,2363
Mama,2364
National Lampoon's Vacation,2365
Bad Grandpa,2366
The Queen,2367
Beetlejuice,2368
Why Did I Get Married?,2369
Little Women,2370
The Woman in Black,2371
When a Stranger Calls,2372
Big Fat Liar,2373
The Deer Hunter,2374
Wag the Dog,2375
The Lizzie McGuire Movie,2376
Snitch,2377
The Faculty,2378
What's Love Got to Do with It,2379
Cop Land,2380
Not Another Teen Movie,2381
End of Watch,2382
The Skulls,2383
The Theory of Everything,2384
Malibu's Most Wanted,2385
Where the Heart Is,2386
Lawrence of Arabia,2387
Halloween II,2388
Wild,2389
The Last House on the Left,2390
The Wedding Date,2391
Halloween: Resurrection,2392
The Princess Bride,2393
The Great Debaters,2394
Drive,2395
Confessions of a Teenage Drama Queen,2396
The Object of My Affection,2397
28 Weeks Later,2398
When the Game Stands Tall,2399
Because of Winn-Dixie,2400
Love & Basketball,2401
Grosse Pointe Blank,2402
All About Steve,2403
Book of Shadows: Blair Witch 2,2404
The Craft,2405
Match Point,2406
Ramona and Beezus,2407
The Remains of the Day,2408
Boogie Nights,2409
Nowhere to Run,2410
Flicka,2411
The Hills Have Eyes 2,2412
Urban Legends: Final Cut,2413
Tuck Everlasting,2414
The Marine,2415
Country Strong,2416
Disturbing Behavior,2417
The Place Beyond the Pines,2418
The November Man,2419
Eye of the Beholder,2420
The Hurt Locker,2421
Firestarter,2422
Killing Them Softly,2423
A Most Wanted Man,2424
Freddy Got Fingered,2425
VeggieTales: The Pirates Who Don't Do Anything,2426
U2 3D,2427
Highlander: Endgame,2428
Idlewild,2429
One Day,2430
Whip It,2431
Knockaround Guys,2432
Confidence,2433
The Muse,2434
De-Lovely,2435
New York Stories,2436
Barney's Great Adventure,2437
The Man with the Iron Fists,2438
Home Fries,2439
Here On Earth,2440
Brazil,2441
Raise Your Voice,2442
The Big Lebowski,2443
Black Snake Moan,2444
Dark Blue,2445
A Mighty Heart,2446
Whatever It Takes,2447
Boat Trip,2448
The Importance of Being Earnest,2449
The Love Letter,2450
Hoot,2451
In Bruges,2452
The Rocker,2453
Post Grad,2454
Promised Land,2455
Whatever Works,2456
The In Crowd,2457
The Three Burials of Melquiades Estrada,2458
Jakob the Liar,2459
Kiss Kiss Bang Bang,2460
Idle Hands,2461
Mulholland Drive,2462
Blood and Chocolate,2463
You Will Meet a Tall Dark Stranger,2464
Never Let Me Go,2465
Transsiberian,2466
The Clan of the Cave Bear,2467
Crazy in Alabama,2468
Funny Games,2469
Felicia's Journey,2470
Metropolis,2471
District B13,2472
Things to Do in Denver When You're Dead,2473
Buffalo Soldiers,2474
The Return,2475
Ong Bak 2,2476
Centurion,2477
Silent Trigger,2478
The Midnight Meat Train,2479
The Son of No One,2480
All The Queen's Men,2481
The Good Night,2482
Bathory: Countess of Blood,2483
Khumba,2484
Automata,2485
Shinjuku Incident,2486
Pandaemonium,2487
Groundhog Day,2488
Romeo + Juliet,2489
Sarah's Key,2490
Unforgiven,2491
Manderlay,2492
Slumdog Millionaire,2493
Fatal Attraction,2494
Pretty Woman,2495
Crocodile Dundee II,2496
Born on the Fourth of July,2497
Cool Runnings,2498
My Bloody Valentine,2499
Stomp the Yard,2500
The Spy Who Loved Me,2501
Urban Legend,2502
White Fang,2503
Superstar,2504
The Iron Lady,2505
Jonah: A VeggieTales Movie,2506
Poetic Justice,2507
All About the Benjamins,2508
Vampire in Brooklyn,2509
Exorcist II: The Heretic,2510
An American Haunting,2511
My Boss's Daughter,2512
A Perfect Getaway,2513
Our Family Wedding,2514
Dead Man on Campus,2515
Tea with Mussolini,2516
Thinner,2517
"New York, New York",2518
Crooklyn,2519
I Think I Love My Wife,2520
Jason X,2521
Bobby,2522
Head Over Heels,2523
Fun Size,2524
The Diving Bell and the Butterfly,2525
Little Children,2526
Gossip,2527
A Walk on the Moon,2528
Catch a Fire,2529
Soul Survivors,2530
Jefferson in Paris,2531
Easy Virtue,2532
Mr. Turner,2533
Wild Grass,2534
Amen.,2535
Reign of Assassins,2536
The Lucky Ones,2537
Margaret,2538
Stan Helsing,2539
Flipped,2540
Brokeback Mountain,2541
Clueless,2542
Far from Heaven,2543
Hot Tub Time Machine 2,2544
Quills,2545
Seven Psychopaths,2546
The Caveman's Valentine,2547
Downfall,2548
The Sea Inside,2549
Under the Skin,2550
"Good Morning, Vietnam",2551
The Last Godfather,2552
Justin Bieber: Never Say Never,2553
Black Swan,2554
The Godfather: Part II,2555
Save the Last Dance,2556
A Nightmare on Elm Street 4: The Dream Master,2557
"Dude, Where’s My Car?",2558
Young Guns,2559
St. Vincent,2560
About Last Night,2561
10 Things I Hate About You,2562
The New Guy,2563
National Lampoon's Loaded Weapon 1,2564
The Butterfly Effect,2565
Snow Day,2566
This Christmas,2567
Baby Geniuses,2568
The Big Hit,2569
Harriet the Spy,2570
Child's Play 2,2571
No Good Deed,2572
The Mist,2573
Being John Malkovich,2574
Two Can Play That Game,2575
Earth to Echo,2576
Crazy/Beautiful,2577
Letters from Iwo Jima,2578
The Astronaut Farmer,2579
Woo,2580
Dirty Work,2581
Serial Mom,2582
Dick,2583
Light It Up,2584
54,2585
Bubble Boy,2586
Birthday Girl,2587
21 & Over,2588
"Paris, je t'aime",2589
Resurrecting the Champ,2590
Admission,2591
The Widow of Saint-Pierre,2592
Chloe,2593
Faithful,2594
Find Me Guilty,2595
The Perks of Being a Wallflower,2596
Infamous,2597
The Claim,2598
Attack the Block,2599
In the Land of Blood and Honey,2600
The Call,2601
The Crocodile Hunter: Collision Course,2602
I Love You Phillip Morris,2603
Quest for Fire,2604
Antwone Fisher,2605
The Emperor's Club,2606
True Romance,2607
Womb,2608
Glengarry Glen Ross,2609
The Killer Inside Me,2610
Cat People,2611
Sorority Row,2612
The Prisoner of Zenda,2613
Lars and the Real Girl,2614
The Boy in the Striped Pyjamas,2615
Dancer in the Dark,2616
Oscar and Lucinda,2617
The Funeral,2618
Solitary Man,2619
Machete,2620
Casino Jack,2621
The Land Before Time,2622
Tae Guk Gi: The Brotherhood of War,2623
The Perfect Game,2624
The Exorcist,2625
Jaws,2626
American Pie,2627
Ernest & Celestine,2628
The Golden Child,2629
Think Like a Man,2630
Barbershop,2631
Star Trek II: The Wrath of Khan,2632
Ace Ventura: Pet Detective,2633
WarGames,2634
Witness,2635
Act of Valor,2636
Step Up,2637
Beavis and Butt-Head Do America,2638
Jackie Brown,2639
Harold & Kumar Escape from Guantanamo Bay,2640
Chronicle,2641
Yentl,2642
Time Bandits,2643
Crossroads,2644
Project X,2645
Patton,2646
One Hour Photo,2647
Quarantine,2648
The Eye,2649
Johnson Family Vacation,2650
How High,2651
The Muppet Christmas Carol,2652
Frida,2653
Katy Perry: Part of Me,2654
The Fault in Our Stars,2655
Rounders,2656
Top Five,2657
Prophecy,2658
Stir of Echoes,2659
Philomena,2660
The Upside of Anger,2661
The Boys from Brazil,2662
Aquamarine,2663
My Baby's Daddy,2664
Nebraska,2665
Tales from the Crypt: Demon Knight,2666
Max Keeble's Big Move,2667
Young Adult,2668
Crank,2669
Def Jam's How to Be a Player,2670
Living Out Loud,2671
Just Wright,2672
Rachel Getting Married,2673
The Postman Always Rings Twice,2674
Girl with a Pearl Earring,2675
Das Boot,2676
Sorority Boys,2677
About Time,2678
House of Flying Daggers,2679
Arbitrage,2680
Project Almanac,2681
Cadillac Records,2682
Screwed,2683
Fortress,2684
For Your Consideration,2685
Celebrity,2686
Running with Scissors,2687
From Justin to Kelly,2688
Girl 6,2689
In the Cut,2690
Two Lovers,2691
Last Orders,2692
The Host,2693
The Pursuit of D.B. Cooper,2694
Ravenous,2695
Charlie Bartlett,2696
The Great Beauty,2697
The Dangerous Lives of Altar Boys,2698
Stoker,2699
2046,2700
Married Life,2701
Duma,2702
Ondine,2703
Brother,2704
Welcome to Collinwood,2705
Critical Care,2706
The Life Before Her Eyes,2707
Darling Companion,2708
Trade,2709
Fateless,2710
Breakfast of Champions,2711
"A Woman, a Gun and a Noodle Shop",2712
Cypher,2713
City of Life and Death,2714
Space Battleship Yamato,2715
5 Days of War,2716
Triangle,2717
Heaven is for Real,2718
Snatch,2719
Pet Sematary,2720
Madadayo,2721
The Cry of the Owl,2722
Gremlins,2723
Star Wars,2724
Doctor Zhivago,2725
Trash,2726
High School Musical 3: Senior Year,2727
The Fighter,2728
Jackass Number Two,2729
My Cousin Vinny,2730
If I Stay,2731
Drive Hard,2732
Major League,2733
St. Trinian's,2734
Phone Booth,2735
A Walk to Remember,2736
Dead Man Walking,2737
Cruel Intentions,2738
Saw VI,2739
History of the World: Part I,2740
The Secret Life of Bees,2741
Corky Romano,2742
Raising Cain,2743
F.I.S.T.,2744
Invaders from Mars,2745
Brooklyn,2746
Barry Lyndon,2747
Out Cold,2748
The Ladies Man,2749
Quartet,2750
Tomcats,2751
Frailty,2752
Kinsey,2753
Army of Darkness,2754
Slackers,2755
What's Eating Gilbert Grape,2756
The Visual Bible: The Gospel of John,2757
Vera Drake,2758
The Guru,2759
The Perez Family,2760
Inside Llewyn Davis,2761
O,2762
Return to the Blue Lagoon,2763
The Molly Maguires,2764
Romance & Cigarettes,2765
Copying Beethoven,2766
Brighton Rock,2767
Saw V,2768
Machine Gun McCain,2769
LOL,2770
Jindabyne,2771
An Ideal Husband,2772
The Last Days on Mars,2773
Darkness,2774
2001: A Space Odyssey,2775
E.T. the Extra-Terrestrial,2776
In the Land of Women,2777
There Goes My Baby,2778
September Dawn,2779
For Greater Glory - The True Story of Cristiada,2780
Good Will Hunting,2781
Saw III,2782
Stripes,2783
Bring It On,2784
She's All That,2785
Saw IV,2786
White Noise,2787
Madea's Family Reunion,2788
The Color of Money,2789
The Longest Day,2790
The Mighty Ducks,2791
The Grudge,2792
Happy Gilmore,2793
Jeepers Creepers,2794
Bill & Ted's Excellent Adventure,2795
Oliver!,2796
The Best Exotic Marigold Hotel,2797
Recess: School's Out,2798
Mad Max Beyond Thunderdome,2799
Commando,2800
Devil,2801
Friday After Next,2802
The Last Dragon,2803
The Lawnmower Man,2804
Nick and Norah's Infinite Playlist,2805
Dogma,2806
The Banger Sisters,2807
Twilight Zone: The Movie,2808
Road House,2809
A Low Down Dirty Shame,2810
Swimfan,2811
Employee of the Month,2812
Can't Hardly Wait,2813
The Outsiders,2814
The Dead Zone,2815
Sparkle,2816
Valentine,2817
The Fourth Kind,2818
A Prairie Home Companion,2819
Sugar Hill,2820
Invasion U.S.A.,2821
Roll Bounce,2822
Rushmore,2823
Skyline,2824
The Second Best Exotic Marigold Hotel,2825
Kit Kittredge: An American Girl,2826
The Perfect Man,2827
Mo' Better Blues,2828
Kung Pow: Enter the Fist,2829
Tremors,2830
Wrong Turn,2831
The Long Riders,2832
The Corruptor,2833
Mud,2834
Reno 911!: Miami,2835
One Direction: This Is Us,2836
"The Goods: Live Hard, Sell Hard",2837
Hey Arnold! The Movie,2838
My Week with Marilyn,2839
The Matador,2840
Love Jones,2841
End of the Spear,2842
Get Over It,2843
Office Space,2844
Drop Dead Gorgeous,2845
Big Eyes,2846
Very Bad Things,2847
Sleepover,2848
Body Double,2849
MacGruber,2850
Dirty Pretty Things,2851
Movie 43,2852
Over Her Dead Body,2853
Seeking a Friend for the End of the World,2854
Cedar Rapids,2855
American History X,2856
The Collection,2857
Teacher's Pet,2858
The Red Violin,2859
The Straight Story,2860
Deuces Wild,2861
Bad Words,2862
"Run, Fatboy, Run",2863
Heartbeeps,2864
Black or White,2865
On the Line,2866
Rescue Dawn,2867
"Jeff, Who Lives at Home",2868
I Am Love,2869
Atlas Shrugged Part II,2870
Romeo Is Bleeding,2871
The Limey,2872
Crash,2873
The House of Mirth,2874
Malone,2875
Peaceful Warrior,2876
Bucky Larson: Born to Be a Star,2877
Bamboozled,2878
Sphinx,2879
A Better Life,2880
Spider,2881
Gun Shy,2882
Nicholas Nickleby,2883
The Iceman,2884
Krrish,2885
Cecil B. Demented,2886
Killer Joe,2887
The Joneses,2888
Owning Mahowny,2889
The Brothers Solomon,2890
My Blueberry Nights,2891
Illuminata,2892
Swept Away,2893
"War, Inc.",2894
Shaolin Soccer,2895
The Brown Bunny,2896
The Swindle,2897
Rosewater,2898
The Chambermaid on the Titanic,2899
Coriolanus,2900
Imaginary Heroes,2901
High Heels and Low Lifes,2902
World's Greatest Dad,2903
Severance,2904
Edmond,2905
Welcome to the Rileys,2906
Police Academy: Mission to Moscow,2907
Blood Done Sign My Name,2908
Elsa & Fred,2909
"An Alan Smithee Film: Burn, Hollywood, Burn",2910
The Open Road,2911
The Good Guy,2912
Motherhood,2913
Janky Promoters,2914
Blonde Ambition,2915
The Oxford Murders,2916
The Reef,2917
Eulogy,2918
White Noise 2: The Light,2919
Fifty Dead Men Walking,2920
Adam Resurrected,2921
Of Horses and Men,2922
It's a Wonderful Afterlife,2923
The Devil's Tomb,2924
"The Good, The Bad, The Weird",2925
Nurse 3-D,2926
Gunless,2927
Adventureland,2928
The Lost City,2929
Next Friday,2930
American Heist,2931
You Only Live Twice,2932
Plastic,2933
Amour,2934
Poltergeist III,2935
"It's a Mad, Mad, Mad, Mad World",2936
Volver,2937
Heavy Metal,2938
Gentlemen Broncos,2939
Richard III,2940
Kites,2941
Melancholia,2942
Red Dog,2943
Alien,2944
The Texas Chain Saw Massacre,2945
The Runaways,2946
Fiddler on the Roof,2947
Thunderball,2948
Detention,2949
Loose Cannons,2950
Set It Off,2951
The Best Man,2952
Child's Play,2953
Sicko,2954
The Purge: Anarchy,2955
Down to You,2956
Harold & Kumar Go to White Castle,2957
The Contender,2958
Boiler Room,2959
Trading Places,2960
Black Christmas,2961
Breakin' All the Rules,2962
Henry V,2963
The Savages,2964
Chasing Papi,2965
The Way of the Gun,2966
Igby Goes Down,2967
PCU,2968
The Ultimate Gift,2969
The Ice Pirates,2970
Gracie,2971
Trust the Man,2972
Hamlet 2,2973
Velvet Goldmine,2974
Glee: The Concert Movie,2975
The Legend of Suriyothai,2976
Two Evil Eyes,2977
All or Nothing,2978
Princess Kaiulani,2979
Flame & Citron,2980
Undiscovered,2981
The Girl on the Train,2982
Veronika Decides to Die,2983
Crocodile Dundee,2984
"Ultramarines: A Warhammer 40,000 Movie",2985
The I Inside,2986
Beneath Hill 60,2987
Polisse,2988
Awake,2989
The Lost Boys,2990
Crazy Heart,2991
The Rose,2992
Baggage Claim,2993
Barbarella,2994
Shipwrecked,2995
Election,2996
The Namesake,2997
The DUFF,2998
Glitter,2999
The Haunting in Connecticut 2: Ghosts of Georgia,3000
Silmido,3001
Bright Star,3002
My Name Is Khan,3003
All Is Lost,3004
Limbo,3005
The Wind That Shakes the Barley,3006
Yeh Jawaani Hai Deewani,3007
Quo Vadis,3008
Repo! The Genetic Opera,3009
Pulp Fiction,3010
The Muppet Movie,3011
Nightcrawler,3012
Club Dread,3013
The Sound of Music,3014
Splash,3015
Little Miss Sunshine,3016
Stand by Me,3017
28 Days Later,3018
You Got Served,3019
Escape from Alcatraz,3020
Brown Sugar,3021
A Thin Line Between Love and Hate,3022
50/50,3023
Shutter,3024
That Awkward Moment,3025
Modern Problems,3026
Much Ado About Nothing,3027
On Her Majesty's Secret Service,3028
New Nightmare,3029
Drive Me Crazy,3030
Akeelah and the Bee,3031
Half Baked,3032
New in Town,3033
American Psycho,3034
The Good Girl,3035
Bon Cop Bad Cop,3036
The Boondock Saints II: All Saints Day,3037
The City of Your Final Destination,3038
Enough Said,3039
Easy A,3040
The Inkwell,3041
Shadow of the Vampire,3042
Prom,3043
The Pallbearer,3044
Held Up,3045
Woman on Top,3046
Howards End,3047
Another Year,3048
8 Women,3049
Showdown in Little Tokyo,3050
Clay Pigeons,3051
It's Kind of a Funny Story,3052
Made in Dagenham,3053
When Did You Last See Your Father?,3054
Prefontaine,3055
The Secret of Kells,3056
Begin Again,3057
Down in the Valley,3058
Brooklyn Rules,3059
The Singing Detective,3060
The Land Girls,3061
Fido,3062
The Wendell Baker Story,3063
Wild Target,3064
Pathology,3065
Wuthering Heights,3066
10th & Wolf,3067
Dear Wendy,3068
Aloft,3069
Akira,3070
The Death and Life of Bobby Z,3071
The Rocket: The Legend of Rocket Richard,3072
Imagine Me & You,3073
Swimming Pool,3074
The Blood of Heroes,3075
Driving Miss Daisy,3076
Soul Food,3077
Rumble in the Bronx,3078
Thank You for Smoking,3079
Hostel: Part II,3080
An Education,3081
Shopgirl,3082
The Hotel New Hampshire,3083
Narc,3084
Men with Brooms,3085
Witless Protection,3086
Extract,3087
Masked and Anonymous,3088
Betty Fisher and Other Stories,3089
Code 46,3090
Albert Nobbs,3091
Persepolis,3092
The Hole,3093
The Wave,3094
Harry Brown,3095
The Omega Code,3096
Juno,3097
Diamonds Are Forever,3098
The Godfather,3099
Flashdance,3100
(500) Days of Summer,3101
The Piano,3102
Magic Mike,3103
Darkness Falls,3104
Live and Let Die,3105
My Dog Skip,3106
"Definitely, Maybe",3107
Jumping the Broom,3108
"Good Night, and Good Luck.",3109
Capote,3110
Desperado,3111
Logan's Run,3112
The Man with the Golden Gun,3113
Action Jackson,3114
The Descent,3115
Michael Jordan to the Max,3116
Devil's Due,3117
Flirting with Disaster,3118
The Devil's Rejects,3119
Dope,3120
In Too Deep,3121
House of 1000 Corpses,3122
A Serious Man,3123
Get Low,3124
Warlock,3125
Beyond the Lights,3126
A Single Man,3127
The Last Temptation of Christ,3128
Outside Providence,3129
Bride & Prejudice,3130
Rabbit-Proof Fence,3131
Who's Your Caddy?,3132
Split Second,3133
The Other Side of Heaven,3134
Veer-Zaara,3135
Redbelt,3136
Cyrus,3137
A Dog Of Flanders,3138
Auto Focus,3139
Factory Girl,3140
We Need to Talk About Kevin,3141
The Mighty Macs,3142
Losin' It,3143
Mother and Child,3144
March or Die,3145
The Visitors,3146
Somewhere,3147
I Hope They Serve Beer in Hell,3148
Chairman of the Board,3149
Hesher,3150
Dom Hemingway,3151
Gerry,3152
The Heart of Me,3153
The Extra Man,3154
Hard to Be a God,3155
Ca$h,3156
Wah-Wah,3157
The Boondock Saints,3158
Twixt,3159
The Snow Queen,3160
Pale Rider,3161
Stargate: The Ark of Truth,3162
Dazed and Confused,3163
High School Musical 2,3164
Aimee & Jaguar,3165
The Chumscrubber,3166
Shade,3167
House at the End of the Street,3168
Incendies,3169
"Remember Me, My Love",3170
Perrier’s Bounty,3171
Elite Squad,3172
Annabelle,3173
Bran Nue Dae,3174
Boyz n the Hood,3175
La Bamba,3176
The Four Seasons,3177
Dressed to Kill,3178
The Adventures of Huck Finn,3179
Go,3180
Friends with Money,3181
The Andromeda Strain,3182
Bats,3183
Nowhere in Africa,3184
Shame,3185
Layer Cake,3186
The East,3187
A Home at the End of the World,3188
Aberdeen,3189
The Messenger,3190
Tracker,3191
Control,3192
The Terminator,3193
"Good bye, Lenin!",3194
The Damned United,3195
The Return of the Living Dead,3196
Mallrats,3197
Grease,3198
Platoon,3199
Fahrenheit 9/11,3200
Butch Cassidy and the Sundance Kid,3201
Mary Poppins,3202
Ordinary People,3203
West Side Story,3204
Caddyshack,3205
The Brothers,3206
The Wood,3207
The Usual Suspects,3208
A Nightmare on Elm Street 5: The Dream Child,3209
National Lampoon’s Van Wilder,3210
The Wrestler,3211
Duel in the Sun,3212
Best in Show,3213
Escape from New York,3214
School Daze,3215
Daddy Day Camp,3216
Mr. Nice Guy,3217
A Mighty Wind,3218
Mystic Pizza,3219
Sliding Doors,3220
Tales from the Hood,3221
The Last King of Scotland,3222
Halloween 5: The Revenge of Michael Myers,3223
Bernie,3224
Pollock,3225
200 Cigarettes,3226
The Words,3227
Casa De Mi Padre,3228
City Island,3229
The Guard,3230
College,3231
The Virgin Suicides,3232
Little Voice,3233
Miss March,3234
Wish I Was Here,3235
Simply Irresistible,3236
Hedwig and the Angry Inch,3237
Only the Strong,3238
Shattered Glass,3239
Novocaine,3240
The Business of Strangers,3241
The Wild Bunch,3242
The Wackness,3243
The First Great Train Robbery,3244
Morvern Callar,3245
Beastmaster 2: Through the Portal of Time,3246
The Flower of Evil,3247
The Greatest,3248
Snow Flower and the Secret Fan,3249
Come Early Morning,3250
Lucky Break,3251
Julia,3252
"Surfer, Dude",3253
Lake of Fire,3254
11:14,3255
Men of War,3256
Don McKay,3257
Deadfall,3258
A Shine of Rainbows,3259
The Hit List,3260
Emma,3261
Videodrome,3262
The Spanish Apartment,3263
Winter in Wartime,3264
Freaky Deaky,3265
The Train,3266
The Protector,3267
Stiff Upper Lips,3268
Bend It Like Beckham,3269
Sunshine State,3270
Crossover,3271
[REC]²,3272
The Sting,3273
Chariots of Fire,3274
Diary of a Mad Black Woman,3275
Shine,3276
Don Jon,3277
High Plains Drifter,3278
Ghost World,3279
Iris,3280
Galaxina,3281
The Chorus,3282
Mambo Italiano,3283
Wonderland,3284
Do the Right Thing,3285
Harvard Man,3286
Le Havre,3287
Irreversible,3288
R100,3289
Rang De Basanti,3290
Salvation Boulevard,3291
The Ten,3292
A Room for Romeo Brass,3293
Headhunters,3294
Grabbers,3295
Saint Ralph,3296
Somewhere in Time,3297
Insidious: Chapter 2,3298
Saw II,3299
Jackass: The Movie,3300
Paranormal Activity 3,3301
Ouija,3302
A Nightmare on Elm Street 3: Dream Warriors,3303
Instructions Not Included,3304
Paranormal Activity 4,3305
The Robe,3306
The Return of the Pink Panther,3307
Freddy's Dead: The Final Nightmare,3308
Monster,3309
"20,000 Leagues Under the Sea",3310
Paranormal Activity: The Marked Ones,3311
The Elephant Man,3312
Dallas Buyers Club,3313
The Lazarus Effect,3314
Memento,3315
Oculus,3316
Clerks II,3317
Billy Elliot,3318
The Way Way Back,3319
House Party 2,3320
The Man from Snowy River,3321
Doug's 1st Movie,3322
The Apostle,3323
Mommie Dearest,3324
Our Idiot Brother,3325
The Players Club,3326
"As Above, So Below",3327
Addicted,3328
Eve's Bayou,3329
Still Alice,3330
The Egyptian,3331
Nighthawks,3332
Friday the 13th Part VIII: Jason Takes Manhattan,3333
My Big Fat Greek Wedding,3334
Spring Breakers,3335
Halloween: The Curse of Michael Myers,3336
Y Tu Mamá También,3337
Shaun of the Dead,3338
The Haunting of Molly Hartley,3339
Lone Star,3340
Halloween 4: The Return of Michael Myers,3341
April Fool's Day,3342
Diner,3343
Lone Wolf McQuade,3344
Apollo 18,3345
Sunshine Cleaning,3346
The Beastmaster,3347
Not Easily Broken,3348
A Farewell to Arms,3349
A Farewell to Arms,3350
Digimon: The Movie,3351
Saved!,3352
The Barbarian Invasions,3353
Robin and Marian,3354
The Forsaken,3355
Force 10 from Navarone,3356
UHF,3357
Grandma's Boy,3358
Slums of Beverly Hills,3359
Once Upon a Time in the West,3360
Made,3361
Moon,3362
Keeping Up with the Steins,3363
The Sweet Hereafter,3364
Of Gods and Men,3365
Bottle Shock,3366
Jekyll and Hyde ... Together Again,3367
Heavenly Creatures,3368
Everything Must Go,3369
Zero Effect,3370
The Machinist,3371
Light Sleeper,3372
Kill the Messenger,3373
Rabbit Hole,3374
Party Monster,3375
The Oh in Ohio,3376
Atlas Shrugged Part III: Who is John Galt?,3377
Bottle Rocket,3378
Albino Alligator,3379
Standard Operating Procedure,3380
Out of the Blue,3381
Tucker and Dale vs Evil,3382
"Lovely, Still",3383
Tycoon,3384
Desert Blue,3385
Decoys,3386
Redacted,3387
Sleep Tight,3388
The Cottage,3389
Dead Like Me: Life After Death,3390
Farce of the Penguins,3391
Rudderless,3392
Dying of the Light,3393
Capricorn One,3394
I Served the King of England,3395
Soul Kitchen,3396
Sling Blade,3397
The Awakening,3398
Hostel,3399
A Cock and Bull Story,3400
Take Shelter,3401
Lady in White,3402
Driving Lessons,3403
Let's Kill Ward's Wife,3404
The Texas Chainsaw Massacre 2,3405
Pat Garrett & Billy the Kid,3406
Only God Forgives,3407
Dear Frankie,3408
The Names of Love,3409
Savage Grace,3410
Out of the Blue,3411
Police Academy,3412
The Blue Lagoon,3413
Four Weddings and a Funeral,3414
Fast Times at Ridgemont High,3415
Moby Dick,3416
25th Hour,3417
Bound,3418
Requiem for a Dream,3419
State Fair,3420
Tango,3421
Salvador,3422
Moms' Night Out,3423
Donnie Darko,3424
Character,3425
Spun,3426
Life During Wartime,3427
Sympathy for Lady Vengeance,3428
Mozart's Sister,3429
Mean Machine,3430
Exiled,3431
Blackthorn,3432
Lilya 4-ever,3433
After.Life,3434
One Flew Over the Cuckoo's Nest,3435
Silent Movie,3436
Anne of Green Gables,3437
Falcon Rising,3438
The Sweeney,3439
Sexy Beast,3440
Easy Money,3441
Whale Rider,3442
Cargo,3443
High School Musical,3444
Love and Death on Long Island,3445
Night Watch,3446
The Crying Game,3447
Porky's,3448
Survival of the Dead,3449
Night of the Living Dead,3450
Lost in Translation,3451
Annie Hall,3452
The Greatest Show on Earth,3453
Monster's Ball,3454
Leaving Las Vegas,3455
Hansel and Gretel Get Baked,3456
The Front Page,3457
The Boy Next Door,3458
Trapeze,3459
The Kids Are All Right,3460
They Live,3461
The Great Escape,3462
What the #$*! Do We (K)now!?,3463
The Last Exorcism Part II,3464
Boyhood,3465
Scoop,3466
The Wash,3467
3 Strikes,3468
The Cooler,3469
The Misfits,3470
The Night Listener,3471
The Jerky Boys,3472
The Orphanage,3473
A Haunted House 2,3474
The Rules of Attraction,3475
Topaz,3476
Let's Go to Prison,3477
Four Rooms,3478
Secretary,3479
The Real Cancun,3480
Talk Radio,3481
Waiting for Guffman,3482
Love Stinks,3483
You Kill Me,3484
Thumbsucker,3485
Red State,3486
Mirrormask,3487
Samsara,3488
The Art of Getting By,3489
Zipper,3490
Poolhall Junkies,3491
The Loss of Sexual Innocence,3492
Holy Motors,3493
Joe,3494
Shooting Fish,3495
Prison,3496
Psycho Beach Party,3497
The Big Tease,3498
Trust,3499
An Everlasting Piece,3500
Among Giants,3501
Adore,3502
The Velocity of Gary,3503
Mondays in the Sun,3504
Stake Land,3505
The Last Time I Committed Suicide,3506
Another Happy Day,3507
A Lonely Place to Die,3508
Nothing,3509
The Geographer Drank His Globe Away,3510
1776,3511
Inescapable,3512
Hell's Angels,3513
Purple Violets,3514
The Loved Ones,3515
A Man for All Seasons,3516
Network,3517
Gone with the Wind,3518
Major Dundee,3519
Annie Get Your Gun,3520
Four Lions,3521
The House of Sand,3522
Defendor,3523
The Pirate,3524
The Good Heart,3525
The History Boys,3526
Midnight Cowboy,3527
The Full Monty,3528
Airplane!,3529
Friday,3530
Menace II Society,3531
Creepshow 2,3532
The Ballad of Cable Hogue,3533
In Cold Blood,3534
The Nun's Story,3535
Harper,3536
Frenzy,3537
I Got the Hook Up,3538
She's the One,3539
Gods and Monsters,3540
The Secret in Their Eyes,3541
Train,3542
Evil Dead II,3543
Pootie Tang,3544
Sharknado,3545
Troll Hunter,3546
Ira & Abby,3547
Winter Passing,3548
D.E.B.S.,3549
The Betrayed,3550
2:13,3551
"Batman: The Dark Knight Returns, Part 2",3552
In the Name of the King III,3553
Wicked Blood,3554
High Anxiety,3555
March of the Penguins,3556
Margin Call,3557
Choke,3558
Whiplash,3559
City of God,3560
Human Traffic,3561
The Dead Girl,3562
The Hunt,3563
A Christmas Story,3564
Bella,3565
Class of 1984,3566
Dreaming of Joseph Lees,3567
The Class,3568
Rosemary's Baby,3569
The Man Who Shot Liberty Valance,3570
Adam,3571
Maria Full of Grace,3572
Beginners,3573
Feast,3574
Animal House,3575
Goldfinger,3576
Antiviral,3577
It's a Wonderful Life,3578
Trainspotting,3579
The Original Kings of Comedy,3580
Paranormal Activity 2,3581
Waking Ned,3582
Bowling for Columbine,3583
Coming Home,3584
A Nightmare on Elm Street Part 2: Freddy's Revenge,3585
A Room with a View,3586
The Purge,3587
Sinister,3588
Martin Lawrence Live: Runteldat,3589
Cat on a Hot Tin Roof,3590
Beneath the Planet of the Apes,3591
Air Bud,3592
Pokémon: Spell of the Unknown,3593
Friday the 13th Part VI: Jason Lives,3594
The Bridge on the River Kwai,3595
Spaced Invaders,3596
Family Plot,3597
The Apartment,3598
Jason Goes to Hell: The Final Friday,3599
Torn Curtain,3600
Dave Chappelle's Block Party,3601
Krush Groove,3602
Next Day Air,3603
Elmer Gantry,3604
Judgment at Nuremberg,3605
Trippin',3606
Red River,3607
Phat Girlz,3608
Before Midnight,3609
Teen Wolf Too,3610
Phantasm II,3611
Woman Thou Art Loosed,3612
Real Women Have Curves,3613
Water,3614
East Is East,3615
Whipped,3616
Kama Sutra - A Tale of Love,3617
Please Give,3618
Willy Wonka & the Chocolate Factory,3619
Warlock: The Armageddon,3620
8 Heads in a Duffel Bag,3621
Days of Heaven,3622
Thirteen Conversations About One Thing,3623
Jawbreaker,3624
Basquiat,3625
Frances Ha,3626
Tsotsi,3627
Happiness,3628
DysFunktional Family,3629
Tusk,3630
Oldboy,3631
Letters to God,3632
Hobo with a Shotgun,3633
Freeway,3634
Love's Abiding Joy,3635
Fish Tank,3636
Damsels in Distress,3637
Bachelorette,3638
Tim and Eric's Billion Dollar Movie,3639
Summer Storm,3640
Fort McCoy,3641
Chain Letter,3642
Just Looking,3643
The Divide,3644
The Eclipse,3645
Demonic,3646
Tanner Hall,3647
They Came Together,3648
Point Blank,3649
Chicago Overcoat,3650
Barry Munday,3651
Central Station,3652
Pocketful of Miracles,3653
Boynton Beach Club,3654
Freakonomics,3655
High Tension,3656
Griff the Invisible,3657
Hustle & Flow,3658
Some Like It Hot,3659
Friday the 13th Part VII: The New Blood,3660
The Wizard of Oz,3661
Young Frankenstein,3662
Diary of the Dead,3663
Ulee's Gold,3664
The Black Stallion,3665
Journey to Saturn,3666
Donovan's Reef,3667
A Guy Named Joe,3668
Blazing Saddles,3669
Friday the 13th: The Final Chapter,3670
Ida,3671
Maurice,3672
Beer League,3673
Riding Giants,3674
Timecrimes,3675
Timber Falls,3676
Singin' in the Rain,3677
"Fat, Sick & Nearly Dead",3678
A Haunted House,3679
2016: Obama's America,3680
That Thing You Do!,3681
Halloween III: Season of the Witch,3682
Escape from the Planet of the Apes,3683
Hud,3684
Kevin Hart: Let Me Explain,3685
My Own Private Idaho,3686
Garden State,3687
Before Sunrise,3688
Jesus' Son,3689
Saving Face,3690
Brick Lane,3691
Robot & Frank,3692
My Life Without Me,3693
The Spectacular Now,3694
Religulous,3695
Eye of the Dolphin,3696
8: The Mormon Proposition,3697
The Other End of the Line,3698
Anatomy,3699
Sleep Dealer,3700
Super,3701
Get on the Bus,3702
Thr3e,3703
Idiocracy,3704
This Is England,3705
Bathing Beauty,3706
"Dancer, Texas Pop. 81",3707
Show Boat,3708
The Calling,3709
The Brave Little Toaster,3710
Fantasia,3711
Friday the 13th Part III,3712
Friday the 13th: A New Beginning,3713
The Valley of Decision,3714
Jack Brooks: Monster Slayer,3715
The Best Years of Our Lives,3716
Bully,3717
Elling,3718
[REC],3719
From Russia with Love,3720
The Toxic Avenger Part II,3721
Sleeper,3722
It Follows,3723
Everything You Always Wanted to Know About Sex *But Were Afraid to Ask,3724
To Kill a Mockingbird,3725
Mad Max 2: The Road Warrior,3726
The Legend of Drunken Master,3727
Boys Don't Cry,3728
Silent House,3729
The Lives of Others,3730
Courageous,3731
The Hustler,3732
Boom Town,3733
The Triplets of Belleville,3734
Smoke Signals,3735
American Splendor,3736
Before Sunset,3737
Amores perros,3738
Thirteen,3739
Gentleman's Agreement,3740
Winter's Bone,3741
Touching the Void,3742
Alexander's Ragtime Band,3743
Me and You and Everyone We Know,3744
Inside Job,3745
Ghost Dog: The Way of the Samurai,3746
Harsh Times,3747
Full Frontal,3748
Witchboard,3749
Shortbus,3750
Waltz with Bashir,3751
No End in Sight,3752
The Diary of a Teenage Girl,3753
In the Shadow of the Moon,3754
Meek's Cutoff,3755
Inside Deep Throat,3756
Dinner Rush,3757
Clockwatchers,3758
The Virginity Hit,3759
Subway,3760
House of D,3761
Teeth,3762
Six-String Samurai,3763
It's All Gone Pete Tong,3764
Saint John of Las Vegas,3765
24 7: Twenty Four Seven,3766
The Last Five Years,3767
The Missing Person,3768
Return of the Living Dead 3,3769
London,3770
Sherrybaby,3771
Eden Lake,3772
Lesbian Vampire Killers,3773
Gangster's Paradise: Jerusalema,3774
Freeze Frame,3775
Grave Encounters,3776
Stitches,3777
Nine Dead,3778
Bananas,3779
Rockaway,3780
The Lady from Shanghai,3781
Small Apartments,3782
Coffee Town,3783
All Is Bright,3784
A Funny Thing Happened on the Way to the Forum,3785
Slacker Uprising,3786
River's Edge,3787
Northfork,3788
Buried,3789
Submarine,3790
The Square,3791
One to Another,3792
Man on Wire,3793
The Last Exorcism,3794
Nowhere Boy,3795
A Streetcar Named Desire,3796
Dr. Strangelove or: How I Learned to Stop Worrying and Love the Bomb,3797
The Crime of Padre Amaro,3798
Beasts of the Southern Wild,3799
Battle for the Planet of the Apes,3800
Songcatcher,3801
Higher Ground,3802
The Greatest Movie Ever Sold,3803
Ed and His Dead Mother,3804
Travellers and Magicians,3805
Hang 'em High,3806
Deadline - U.S.A.,3807
Sublime,3808
Run Lola Run,3809
May,3810
Under the Same Moon,3811
Conquest of the Planet of the Apes,3812
In the Bedroom,3813
I Spit on Your Grave,3814
"Happy, Texas",3815
My Summer of Love,3816
The Lunchbox,3817
Yes,3818
You Can't Take It With You,3819
From Here to Eternity,3820
She Wore a Yellow Ribbon,3821
Grace Unplugged,3822
Foolish,3823
Caramel,3824
The Conversation,3825
Mississippi Mermaid,3826
I Love Your Work,3827
Waitress,3828
Bloodsport,3829
Mr. Smith Goes to Washington,3830
Kids,3831
The Squid and the Whale,3832
Kissing Jessica Stein,3833
Spellbound,3834
Exotica,3835
Buffalo '66,3836
Insidious,3837
Repo Man,3838
Nine Queens,3839
The Gatekeepers,3840
The Ballad of Jack and Rose,3841
The To Do List,3842
Killing Zoe,3843
The Believer,3844
Snow Angels,3845
Session 9,3846
I Want Someone to Eat Cheese With,3847
Mooz-lum,3848
Hatchet,3849
Modern Times,3850
Stolen Summer,3851
My Name Is Bruce,3852
Road Hard,3853
Forty Shades of Blue,3854
Amigo,3855
Pontypool,3856
Trucker,3857
The Lords of Salem,3858
Housebound,3859
Wal-Mart: The High Cost of Low Price,3860
Fetching Cody,3861
Last I Heard,3862
Closer to the Moon,3863
Snow White and the Seven Dwarfs,3864
The Holy Girl,3865
Shalako,3866
Incident at Loch Ness,3867
The Blue Room,3868
Batman,3869
"Lock, Stock and Two Smoking Barrels",3870
The Celebration,3871
Trees Lounge,3872
Journey from the Fall,3873
Queen of the Mountains,3874
Def-Con 4,3875
The Hebrew Hammer,3876
The 41–Year–Old Virgin Who Knocked Up Sarah Marshall and Felt Superbad About It,3877
Forget Me Not,3878
Rebecca,3879
Friday the 13th Part 2,3880
The Lost Weekend,3881
C.H.U.D.,3882
Filly Brown,3883
Niagara,3884
How Green Was My Valley,3885
"Sex, Lies, and Videotape",3886
Saw,3887
Super Troopers,3888
The Amazing Catfish,3889
Monsoon Wedding,3890
You Can Count on Me,3891
The Trouble with Harry,3892
But I'm a Cheerleader,3893
Home Run,3894
Reservoir Dogs,3895
The Blue Bird,3896
"The Good, the Bad and the Ugly",3897
Blue Like Jazz,3898
Down & Out With The Dolls,3899
"Pink Ribbons, Inc.",3900
Desire,3901
Grand Theft Parsons,3902
Extreme Movie,3903
The Charge of the Light Brigade,3904
Airborne,3905
Cotton Comes to Harlem,3906
Waiting...,3907
Dead Man's Shoes,3908
Dracula: Pages from a Virgin's Diary,3909
Faith Like Potatoes,3910
Beyond the Black Rainbow,3911
The Raid,3912
Casablanca,3913
Lake Mungo,3914
Rocket Singh: Salesman of the Year,3915
Silent Running,3916
Rocky,3917
Tom Jones,3918
Taxi Driver,3919
The Howling,3920
Dr. No,3921
Chernobyl Diaries,3922
Hellraiser,3923
Cry_Wolf,3924
Godzilla 2000,3925
Blue Valentine,3926
Transamerica,3927
The Devil Inside,3928
Beyond the Valley of the Dolls,3929
Love Me Tender,3930
An Inconvenient Truth,3931
Sands of Iwo Jima,3932
Shine a Light,3933
The Sessions,3934
"Food, Inc.",3935
October Baby,3936
Next Stop Wonderland,3937
The Skeleton Twins,3938
Martha Marcy May Marlene,3939
Obvious Child,3940
Frozen River,3941
20 Feet from Stardom,3942
Two Girls and a Guy,3943
Walking and Talking,3944
Who Killed the Electric Car?,3945
The Broken Hearts Club: A Romantic Comedy,3946
Bubba Ho-tep,3947
Slam,3948
Brigham City,3949
Orgazmo,3950
All the Real Girls,3951
Dream with the Fishes,3952
Blue Car,3953
Palo Alto,3954
Ajami,3955
Wristcutters: A Love Story,3956
I Origins,3957
The Battle of Shaker Heights,3958
The Act of Killing,3959
Taxi to the Dark Side,3960
Once in a Lifetime: The Extraordinary Story of the New York Cosmos,3961
Lisa Picard Is Famous,3962
The House of the Devil,3963
The Perfect Host,3964
Safe Men,3965
Speedway Junky,3966
The Specials,3967
16 to Life,3968
Alone With Her,3969
Special,3970
The Jimmy Show,3971
Heli,3972
Loving Annabelle,3973
Hits,3974
Jimmy and Judy,3975
The Poker House,3976
ZMD: Zombies of Mass Destruction,3977
My Last Day Without You,3978
Black Rock,3979
Truth or Dare,3980
The Pet,3981
Fear Clinic,3982
Charly,3983
Banshee Chapter,3984
Ask Me Anything,3985
On the Waterfront,3986
L!fe Happens,3987
"4 Months, 3 Weeks and 2 Days",3988
Hard Candy,3989
The Quiet,3990
Circumstance,3991
Fruitvale Station,3992
The Brass Teapot,3993
Bambi,3994
The Hammer,3995
Latter Days,3996
"For a Good Time, Call...",3997
Celeste & Jesse Forever,3998
Time Changer,3999
London to Brighton,4000
A Separation,4001
Welcome to the Dollhouse,4002
Ruby in Paradise,4003
Raising Victor Vargas,4004
Pandora's Box,4005
Live-In Maid,4006
Deterrence,4007
The Mudge Boy,4008
The Young Unknowns,4009
Not Cool,4010
Dead Snow,4011
Saints and Soldiers,4012
American Graffiti,4013
Iraq for Sale: The War Profiteers,4014
Aqua Teen Hunger Force Colon Movie Film for Theaters,4015
Safety Not Guaranteed,4016
Kill List,4017
The Innkeepers,4018
The Conformist,4019
Interview with the Assassin,4020
Donkey Punch,4021
All the Boys Love Mandy Lane,4022
High Noon,4023
Hoop Dreams,4024
Rize,4025
L.I.E.,4026
Half Nelson,4027
Naturally Native,4028
Hav Plenty,4029
Escape from Tomorrow,4030
Starsuckers,4031
Top Hat,4032
The Blair Witch Project,4033
Woodstock,4034
The Kentucky Fried Movie,4035
Mercy Streets,4036
Broken Vessels,4037
A Hard Day's Night,4038
The Harvest (La Cosecha),4039
Fireproof,4040
Benji,4041
Open Water,4042
Kingdom of the Spiders,4043
Mad Hot Ballroom,4044
The Station Agent,4045
Wordplay,4046
Beyond the Mat,4047
Osama,4048
Groove,4049
Twin Falls Idaho,4050
Mean Creek,4051
Hurricane Streets,4052
Never Again,4053
Civil Brand,4054
Lonesome Jim,4055
Drinking Buddies,4056
Deceptive Practice: The Mysteries and Mentors of Ricky Jay,4057
Seven Samurai,4058
The Other Dream Team,4059
Johnny Suede,4060
Rubber,4061
Kiss the Bride,4062
The Slaughter Rule,4063
Monsters,4064
The Living Wake,4065
Detention of the Dead,4066
Crazy Stone,4067
Scott Walker: 30 Century Man,4068
Everything Put Together,4069
Now Is Good,4070
Girls Gone Dead,4071
Enter Nowhere,4072
The Toxic Avenger,4073
Bloody Sunday,4074
Conversations with Other Women,4075
Poultrygeist: Night of the Chicken Dead,4076
42nd Street,4077
Metropolitan,4078
As It Is in Heaven,4079
Napoleon Dynamite,4080
Blue Ruin,4081
Paranormal Activity,4082
Dogtown and Z-Boys,4083
Monty Python and the Holy Grail,4084
Quinceañera,4085
Gory Gory Hallelujah,4086
Tarnation,4087
The Beyond,4088
What Happens in Vegas,4089
The Dark Hours,4090
My Beautiful Laundrette,4091
Fabled,4092
Show Me,4093
Cries and Whispers,4094
Intolerance,4095
Trekkies,4096
The Broadway Melody,4097
The Evil Dead,4098
Maniac,4099
Murderball,4100
American Ninja 2: The Confrontation,4101
51 Birch Street,4102
12 Angry Men,4103
My Dog Tulip,4104
It Happened One Night,4105
Dogtooth,4106
Tupac: Resurrection,4107
Tumbleweeds,4108
The Prophecy,4109
When the Cat's Away,4110
Pieces of April,4111
Old Joy,4112
Wendy and Lucy,4113
3 Backyards,4114
Pierrot le Fou,4115
"First Love, Last Rites",4116
Death Race 2000,4117
Bizarre,4118
Graduation Day,4119
Some Guy Who Kills People,4120
Compliance,4121
Chasing Amy,4122
Lovely & Amazing,4123
Better Luck Tomorrow,4124
The Incredibly True Adventure of Two Girls In Love,4125
Chuck & Buck,4126
Cube,4127
Love and Other Catastrophes,4128
I Married a Strange Person!,4129
Like Crazy,4130
Sugar Town,4131
The Motel,4132
The Canyons,4133
On the Outs,4134
Shotgun Stories,4135
Exam,4136
The Sticky Fingers of Time,4137
Ink,4138
Butterfly,4139
The Frozen,4140
The Big Parade,4141
Bronson,4142
Burn,4143
Urbania,4144
"The Beast from 20,000 Fathoms",4145
Mad Max,4146
Swingers,4147
A Fistful of Dollars,4148
She Done Him Wrong,4149
Middle of Nowhere,4150
Three,4151
The Business of Fancydancing,4152
Baghead,4153
The Case of the Grinning Cat,4154
Ordet,4155
Good Dick,4156
The Man from Earth,4157
The Trials Of Darryl Hunt,4158
Yesterday Was a Lie,4159
Children of Heaven,4160
Weekend,4161
She's Gotta Have It,4162
Butterfly Girl,4163
Another Earth,4164
Sweet Sweetback's Baadasssss Song,4165
Tadpole,4166
Once,4167
The Woman Chaser,4168
The Horse Boy,4169
A Charlie Brown Christmas,4170
Roger & Me,4171
Sound of My Voice,4172
Your Sister's Sister,4173
A Dog's Breakfast,4174
The Married Woman,4175
Facing the Giants,4176
Eraserhead,4177
Hollywood Shuffle,4178
The Mighty,4179
Penitentiary,4180
The Lost Skeleton of Cadavra,4181
Cheap Thrills,4182
Indie Game: The Movie,4183
Straightheads,4184
The Night Visitor,4185
"Peace, Propaganda & the Promised Land",4186
Pi,4187
"I Love You, Don't Touch Me!",4188
20 Dates,4189
Super Size Me,4190
Happy Christmas,4191
The Brain That Wouldn't Die,4192
Supporting Characters,4193
Absentia,4194
The Brothers McMullen,4195
The Dirties,4196
Tiny Furniture,4197
The Call of Cthulhu,4198
The Signal,4199
This Is Martin Bonner,4200
George Washington,4201
Smiling Fish & Goat On Fire,4202
The Last Waltz,4203
The Exploding Girl,4204
Mutual Appreciation,4205
Down Terrace,4206
Clerks,4207
Funny Ha Ha,4208
In the Company of Men,4209
Manito,4210
Rampage,4211
Slacker,4212
Flywheel,4213
The Puffy Chair,4214
Breaking Upwards,4215
All Superheroes Must Die,4216
Pink Flamingos,4217
Clean,4218
The Circle,4219
Cure,4220
Bang,4221
Primer,4222
El Mariachi,4223
Newlyweds,4224
Shanghai Calling,4225
My Date with Drew,4226
